Symbol,Address,Size,Object
.text.start,0xffffffffffffffff,0x15c,/xspace/OrangePi/MTK/OrangePi_4G-iot/output//obj/init.o
.text,0x002015c0,0xc8,/xspace/OrangePi/MTK/OrangePi_4G-iot/output//obj/eabi.o
.text,0x002016a0,0x140,/xspace/OrangePi/MTK/OrangePi_4G-iot/output//obj/eabi_idiv.o
.text,0x002017e0,0x14c,/xspace/OrangePi/MTK/OrangePi_4G-iot/output//obj/eabi_uldivmod.o
.text.buf_pop,0x00201dc4,0x34,/xspace/OrangePi/MTK/OrangePi_4G-iot/output//obj/circbuf.o
.text.__div0,0x00202148,0x18,/xspace/OrangePi/MTK/OrangePi_4G-iot/output//obj/div0.o
.text.arch64,0x002077b0,0xa8,/xspace/OrangePi/MTK/OrangePi_4G-iot/output//obj/init.o
.text.mmc_cmd,0x00208b70,0x1e,/xspace/OrangePi/MTK/OrangePi_4G-iot/output//obj/mmc_core.o
.text.outchar,0x002100ac,0x50,/xspace/OrangePi/MTK/OrangePi_4G-iot/output//obj/print.o
.text.outdec,0x002100fc,0x2a,/xspace/OrangePi/MTK/OrangePi_4G-iot/output//obj/print.o
.text.outstr,0x00210126,0x20,/xspace/OrangePi/MTK/OrangePi_4G-iot/output//obj/print.o
.text.outhex,0x00210146,0x30,/xspace/OrangePi/MTK/OrangePi_4G-iot/output//obj/print.o
.text.vprint,0x002102dc,0x110,/xspace/OrangePi/MTK/OrangePi_4G-iot/output//obj/print.o
.text.print,0x002103ec,0x1a,/xspace/OrangePi/MTK/OrangePi_4G-iot/output//obj/print.o
.text.strchr,0x00212850,0x16,/xspace/OrangePi/MTK/OrangePi_4G-iot/output//obj/stdlib.o
.text.atoi,0x00212868,0x58,/xspace/OrangePi/MTK/OrangePi_4G-iot/output//obj/stdlib.o
.text.strlen,0x002128c0,0x10,/xspace/OrangePi/MTK/OrangePi_4G-iot/output//obj/string.o
.text.strcmp,0x002128d0,0x1a,/xspace/OrangePi/MTK/OrangePi_4G-iot/output//obj/string.o
.text.strncmp,0x002128ea,0x22,/xspace/OrangePi/MTK/OrangePi_4G-iot/output//obj/string.o
.text.memset,0x0021290c,0x10,/xspace/OrangePi/MTK/OrangePi_4G-iot/output//obj/string.o
.text.memcpy,0x0021291c,0x12,/xspace/OrangePi/MTK/OrangePi_4G-iot/output//obj/string.o
.text.memcmp,0x0021292e,0x1c,/xspace/OrangePi/MTK/OrangePi_4G-iot/output//obj/string.o
.text.memmove,0x0021294a,0x28,/xspace/OrangePi/MTK/OrangePi_4G-iot/output//obj/string.o
.text.dsb,0x00212972,0x6,/xspace/OrangePi/MTK/OrangePi_4G-iot/output//obj/sync_write.o
.text.mdelay,0x00212ab8,0x4,/xspace/OrangePi/MTK/OrangePi_4G-iot/output//obj/timer.o
.text.udelay,0x00212abc,0x4,/xspace/OrangePi/MTK/OrangePi_4G-iot/output//obj/timer.o
.text.rev_buf,0x0021572a,0x22,/xspace/OrangePi/MTK/OrangePi_4G-iot/bootloader/preloader/platform/mt6735/src/SecLib.a(seclib_util.o)
.text.sha256,0x00215958,0x34,/xspace/OrangePi/MTK/OrangePi_4G-iot/bootloader/preloader/platform/mt6735/src/SecLib.a(sha256.o)
.text.malloc,0x002162a8,0x88,/xspace/OrangePi/MTK/OrangePi_4G-iot/bootloader/preloader/platform/mt6735/src/security/auth/DaVerifyLib.a(stdlib.o)
.text.free,0x00216330,0x2,/xspace/OrangePi/MTK/OrangePi_4G-iot/bootloader/preloader/platform/mt6735/src/security/auth/DaVerifyLib.a(stdlib.o)
.text.get_ul,0x00216f18,0x18,/xspace/OrangePi/MTK/OrangePi_4G-iot/bootloader/preloader/platform/mt6735/src/security/auth/DaVerifyLib.a(sha1.o)
.text.set_ul,0x00217e98,0x12,/xspace/OrangePi/MTK/OrangePi_4G-iot/bootloader/preloader/platform/mt6735/src/security/auth/DaVerifyLib.a(sha1.o)
.text.sha1,0xffffffffffffffff,0x32,/xspace/OrangePi/MTK/OrangePi_4G-iot/bootloader/preloader/platform/mt6735/src/security/auth/DaVerifyLib.a(sha1.o)
.text.blkdev_register,0x0020192c,0x24,/xspace/OrangePi/MTK/OrangePi_4G-iot/output//obj/blkdev.o
.text.blkdev_get,0x00201950,0x1c,/xspace/OrangePi/MTK/OrangePi_4G-iot/output//obj/blkdev.o
.text.blkdev_read,0x0020196c,0x1c8,/xspace/OrangePi/MTK/OrangePi_4G-iot/output//obj/blkdev.o
.text.blkdev_write,0x00201b34,0x1f8,/xspace/OrangePi/MTK/OrangePi_4G-iot/output//obj/blkdev.o
.text.buf_input_init,0x00201d2c,0x4c,/xspace/OrangePi/MTK/OrangePi_4G-iot/output//obj/circbuf.o
.text.buf_output_init,0x00201d78,0x4c,/xspace/OrangePi/MTK/OrangePi_4G-iot/output//obj/circbuf.o
.text.buf_push,0x00201df8,0x2a,/xspace/OrangePi/MTK/OrangePi_4G-iot/output//obj/circbuf.o
.text.clk_buf_all_on,0x00201e24,0x238,/xspace/OrangePi/MTK/OrangePi_4G-iot/output//obj/clkbuf_ctl.o
.text.uffs.part.0,0x0020205c,0x30,/xspace/OrangePi/MTK/OrangePi_4G-iot/output//obj/device_apc.o
.text.tz_dapc_set_master_transaction,0x0020208c,0x38,/xspace/OrangePi/MTK/OrangePi_4G-iot/output//obj/device_apc.o
.text.tz_dapc_sec_init,0x002020c4,0x16,/xspace/OrangePi/MTK/OrangePi_4G-iot/output//obj/device_apc.o
.text.tz_dapc_sec_postinit,0x002020da,0x8,/xspace/OrangePi/MTK/OrangePi_4G-iot/output//obj/device_apc.o
.text.device_APC_dom_setup,0x002020e4,0x64,/xspace/OrangePi/MTK/OrangePi_4G-iot/output//obj/device_apc.o
.text.usbdl_put_byte,0x00202160,0x24,/xspace/OrangePi/MTK/OrangePi_4G-iot/output//obj/download.o
.text.usbdl_put_word,0x00202184,0x28,/xspace/OrangePi/MTK/OrangePi_4G-iot/output//obj/download.o
.text.usbdl_put_dword,0x002021ac,0x34,/xspace/OrangePi/MTK/OrangePi_4G-iot/output//obj/download.o
.text.usbdl_get_word,0x002021e0,0x30,/xspace/OrangePi/MTK/OrangePi_4G-iot/output//obj/download.o
.text.usbdl_get_dword,0x00202210,0x40,/xspace/OrangePi/MTK/OrangePi_4G-iot/output//obj/download.o
.text.usbdl_read16,0x00202250,0x76,/xspace/OrangePi/MTK/OrangePi_4G-iot/output//obj/download.o
.text.usbdl_write16,0x002022c6,0x8a,/xspace/OrangePi/MTK/OrangePi_4G-iot/output//obj/download.o
.text.usbdl_handler,0x00202350,0x4ac,/xspace/OrangePi/MTK/OrangePi_4G-iot/output//obj/download.o
.text.init_dram_buffer,0x002027fc,0x28,/xspace/OrangePi/MTK/OrangePi_4G-iot/output//obj/dram_buffer.o
.text.ta2_enable_write_read,0x00202824,0x120,/xspace/OrangePi/MTK/OrangePi_4G-iot/output//obj/dramc_calib.o
.text.do_sw_rx_dq_dqs_calib,0x00202944,0x338,/xspace/OrangePi/MTK/OrangePi_4G-iot/output//obj/dramc_calib.o
.text.do_sw_tx_dq_dqs_calib,0x00202c7c,0x55c,/xspace/OrangePi/MTK/OrangePi_4G-iot/output//obj/dramc_calib.o
.text.ta2_rx_scan,0x002031d8,0xf0,/xspace/OrangePi/MTK/OrangePi_4G-iot/output//obj/dramc_calib.o
.text.DramcRxdatlatCal,0x002032c8,0x220,/xspace/OrangePi/MTK/OrangePi_4G-iot/output//obj/dramc_calib.o
.text.dramc_calib,0x002034e8,0x834,/xspace/OrangePi/MTK/OrangePi_4G-iot/output//obj/dramc_calib.o
.text.dramc_ta2,0x00203d1c,0x47c,/xspace/OrangePi/MTK/OrangePi_4G-iot/output//obj/dramc_dqs_gw.o
.text.ett_print_dqs_gw_before_each_round_of_loop_zero,0x00204198,0x44,/xspace/OrangePi/MTK/OrangePi_4G-iot/output//obj/dramc_dqs_gw.o
.text.ett_print_dqs_gw_after_each_round_of_loop_zero,0x002041dc,0x2,/xspace/OrangePi/MTK/OrangePi_4G-iot/output//obj/dramc_dqs_gw.o
.text.ett_calc_dqs_gw_opt_value,0x002041de,0x2,/xspace/OrangePi/MTK/OrangePi_4G-iot/output//obj/dramc_dqs_gw.o
.text.nr_bit_set,0x002041e0,0x30,/xspace/OrangePi/MTK/OrangePi_4G-iot/output//obj/dramc_dqs_gw.o
.text.first_bit_set,0x00204210,0x1c,/xspace/OrangePi/MTK/OrangePi_4G-iot/output//obj/dramc_dqs_gw.o
.text.dqsi_gw_dly_coarse_factor_handler,0x0020422c,0xa4,/xspace/OrangePi/MTK/OrangePi_4G-iot/output//obj/dramc_dqs_gw.o
.text.dqsi_gw_dly_fine_factor_handler,0x002042d0,0x80,/xspace/OrangePi/MTK/OrangePi_4G-iot/output//obj/dramc_dqs_gw.o
.text.dqs_print,0x00204350,0x28,/xspace/OrangePi/MTK/OrangePi_4G-iot/output//obj/dramc_dqs_gw.o
.text.ett_print_dqs_gw_banner,0x00204378,0x64,/xspace/OrangePi/MTK/OrangePi_4G-iot/output//obj/dramc_dqs_gw.o
.text.ett_print_dqs_gw_before_start_loop_zero,0x002043dc,0x2c,/xspace/OrangePi/MTK/OrangePi_4G-iot/output//obj/dramc_dqs_gw.o
.text.ett_print_dqs_gw_fine_after_finish_loop_zero,0x00204408,0x10,/xspace/OrangePi/MTK/OrangePi_4G-iot/output//obj/dramc_dqs_gw.o
.text.__ett_print_dqs_gw_result.constprop.1,0x00204418,0xa4,/xspace/OrangePi/MTK/OrangePi_4G-iot/output//obj/dramc_dqs_gw.o
.text.ett_print_dqs_gw_result_2,0x002044bc,0x14,/xspace/OrangePi/MTK/OrangePi_4G-iot/output//obj/dramc_dqs_gw.o
.text.ett_print_dqs_gw_result_1,0x002044d0,0x14,/xspace/OrangePi/MTK/OrangePi_4G-iot/output//obj/dramc_dqs_gw.o
.text.ett_recursive_factor_tuning,0x002044e4,0x94,/xspace/OrangePi/MTK/OrangePi_4G-iot/output//obj/dramc_dqs_gw.o
.text.__do_dqs_gw_calib,0x00204578,0x588,/xspace/OrangePi/MTK/OrangePi_4G-iot/output//obj/dramc_dqs_gw.o
.text.dqsi_gw_dly_coarse_factor_handler_rank1,0x00204b00,0xa4,/xspace/OrangePi/MTK/OrangePi_4G-iot/output//obj/dramc_dqs_gw.o
.text.dqsi_gw_dly_fine_factor_handler_rank1,0x00204ba4,0x80,/xspace/OrangePi/MTK/OrangePi_4G-iot/output//obj/dramc_dqs_gw.o
.text.Sequence_Read,0x00204c24,0x15c,/xspace/OrangePi/MTK/OrangePi_4G-iot/output//obj/dramc_dqs_gw.o
.text.Do_Read_Test_DDR3,0x00204d80,0x78,/xspace/OrangePi/MTK/OrangePi_4G-iot/output//obj/dramc_dqs_gw.o
.text.Do_Read_Test_DDR2,0x00204df8,0x5c,/xspace/OrangePi/MTK/OrangePi_4G-iot/output//obj/dramc_dqs_gw.o
.text.cpu_read_test,0x00204e54,0x180,/xspace/OrangePi/MTK/OrangePi_4G-iot/output//obj/dramc_dqs_gw.o
.text.do_dqs_gw_calib_2,0x00204fd4,0x28,/xspace/OrangePi/MTK/OrangePi_4G-iot/output//obj/dramc_dqs_gw.o
.text.init_crc32_table,0x00204ffc,0x60,/xspace/OrangePi/MTK/OrangePi_4G-iot/output//obj/efi.o
.text.parse_gpt_header.constprop.2,0x00205060,0x318,/xspace/OrangePi/MTK/OrangePi_4G-iot/output//obj/efi.o
.text.read_gpt,0x00205378,0x6c,/xspace/OrangePi/MTK/OrangePi_4G-iot/output//obj/efi.o
.text.init_lpddr3,0x002053e4,0x7c8,/xspace/OrangePi/MTK/OrangePi_4G-iot/output//obj/emi.o
.text.mt_get_dram_type_for_dis,0x00205bac,0x5c,/xspace/OrangePi/MTK/OrangePi_4G-iot/output//obj/emi.o
.text.DRAM_MRR,0x00205c08,0x1c0,/xspace/OrangePi/MTK/OrangePi_4G-iot/output//obj/emi.o
.text.mblock_reserve,0x00205dc8,0x21c,/xspace/OrangePi/MTK/OrangePi_4G-iot/output//obj/emi.o
.text.setup_mblock_info,0x00205fe4,0x4e,/xspace/OrangePi/MTK/OrangePi_4G-iot/output//obj/emi.o
.text.check_dram_CONA_value,0x00206034,0x9c,/xspace/OrangePi/MTK/OrangePi_4G-iot/output//obj/emi.o
.text.mt_set_DCM_clock,0x002060d0,0x14,/xspace/OrangePi/MTK/OrangePi_4G-iot/output//obj/emi.o
.text.restore_DDR_regs,0x002060e4,0x4,/xspace/OrangePi/MTK/OrangePi_4G-iot/output//obj/emi.o
.text.release_dram,0x002060e8,0x54,/xspace/OrangePi/MTK/OrangePi_4G-iot/output//obj/emi.o
.text.check_ddr_reserve_status,0x0020613c,0x74,/xspace/OrangePi/MTK/OrangePi_4G-iot/output//obj/emi.o
.text.ett_rextdn_sw_calibration,0x002061b0,0x18c,/xspace/OrangePi/MTK/OrangePi_4G-iot/output//obj/emi.o
.text.mt_get_mdl_number,0x0020633c,0x2e0,/xspace/OrangePi/MTK/OrangePi_4G-iot/output//obj/emi.o
.text.mt_get_dram_type,0x0020661c,0x60,/xspace/OrangePi/MTK/OrangePi_4G-iot/output//obj/emi.o
.text.get_dram_rank_nr,0x0020667c,0x44,/xspace/OrangePi/MTK/OrangePi_4G-iot/output//obj/emi.o
.text.DFS_ability_detection,0x002066c0,0xe0,/xspace/OrangePi/MTK/OrangePi_4G-iot/output//obj/emi.o
.text.get_dram_rank_size,0x002067a0,0x4c,/xspace/OrangePi/MTK/OrangePi_4G-iot/output//obj/emi.o
.text.get_orig_dram_rank_info,0x002067ec,0x74,/xspace/OrangePi/MTK/OrangePi_4G-iot/output//obj/emi.o
.text.mt_set_emi,0x00206860,0x274,/xspace/OrangePi/MTK/OrangePi_4G-iot/output//obj/emi.o
.text.fan5405_write_byte,0x00206ad4,0x34,/xspace/OrangePi/MTK/OrangePi_4G-iot/output//obj/fan5405.o
.text.mt_set_gpio_dir_chip,0x00206b08,0x50,/xspace/OrangePi/MTK/OrangePi_4G-iot/output//obj/gpio.o
.text.mt_set_gpio_pull_enable_chip,0x00206b58,0x90,/xspace/OrangePi/MTK/OrangePi_4G-iot/output//obj/gpio.o
.text.mt_set_gpio_pull_select_chip,0x00206be8,0xd8,/xspace/OrangePi/MTK/OrangePi_4G-iot/output//obj/gpio.o
.text.mt_set_gpio_out_chip,0x00206cc0,0x50,/xspace/OrangePi/MTK/OrangePi_4G-iot/output//obj/gpio.o
.text.mt_set_gpio_mode_chip,0x00206d10,0x4c,/xspace/OrangePi/MTK/OrangePi_4G-iot/output//obj/gpio.o
.text.mt_gpio_pin_decrypt,0x00206d5c,0xa,/xspace/OrangePi/MTK/OrangePi_4G-iot/output//obj/gpio.o
.text.mt_set_gpio_dir,0x00206d66,0x1c,/xspace/OrangePi/MTK/OrangePi_4G-iot/output//obj/gpio.o
.text.mt_set_gpio_pull_enable,0x00206d82,0x1c,/xspace/OrangePi/MTK/OrangePi_4G-iot/output//obj/gpio.o
.text.mt_set_gpio_pull_select,0x00206d9e,0x1c,/xspace/OrangePi/MTK/OrangePi_4G-iot/output//obj/gpio.o
.text.mt_set_gpio_out,0x00206dba,0x1c,/xspace/OrangePi/MTK/OrangePi_4G-iot/output//obj/gpio.o
.text.mt_set_gpio_mode,0x00206dd6,0x1c,/xspace/OrangePi/MTK/OrangePi_4G-iot/output//obj/gpio.o
.text.mt_gpio_init,0x00206df2,0x2,/xspace/OrangePi/MTK/OrangePi_4G-iot/output//obj/gpio.o
.text.uart_send,0x00206df4,0x18,/xspace/OrangePi/MTK/OrangePi_4G-iot/output//obj/handshake_uart.o
.text.uart_recv,0x00206e0c,0x4,/xspace/OrangePi/MTK/OrangePi_4G-iot/output//obj/handshake_uart.o
.text.uart_handshake_init,0x00206e10,0x58,/xspace/OrangePi/MTK/OrangePi_4G-iot/output//obj/handshake_uart.o
.text.uart_handshake,0x00206e68,0xf0,/xspace/OrangePi/MTK/OrangePi_4G-iot/output//obj/handshake_uart.o
.text.usb_recv,0x00206f58,0x52,/xspace/OrangePi/MTK/OrangePi_4G-iot/output//obj/handshake_usb.o
.text.usb_send,0x00206faa,0x16,/xspace/OrangePi/MTK/OrangePi_4G-iot/output//obj/handshake_usb.o
.text.usb_handshake,0x00206fc0,0x1bc,/xspace/OrangePi/MTK/OrangePi_4G-iot/output//obj/handshake_usb.o
.text.i2c_set_speed,0x0020717c,0x178,/xspace/OrangePi/MTK/OrangePi_4G-iot/output//obj/i2c.o
.text._i2c_dump_info,0x002072f4,0x2,/xspace/OrangePi/MTK/OrangePi_4G-iot/output//obj/i2c.o
.text._i2c_write_reg,0x002072f6,0x1a4,/xspace/OrangePi/MTK/OrangePi_4G-iot/output//obj/i2c.o
.text._i2c_get_transfer_len,0x0020749a,0xac,/xspace/OrangePi/MTK/OrangePi_4G-iot/output//obj/i2c.o
.text._i2c_transfer_interface,0x00207546,0x128,/xspace/OrangePi/MTK/OrangePi_4G-iot/output//obj/i2c.o
.text._i2c_check_para,0x0020766e,0x1a,/xspace/OrangePi/MTK/OrangePi_4G-iot/output//obj/i2c.o
.text._config_mt_i2c,0x00207688,0x84,/xspace/OrangePi/MTK/OrangePi_4G-iot/output//obj/i2c.o
.text.i2c_write,0x0020770c,0x3e,/xspace/OrangePi/MTK/OrangePi_4G-iot/output//obj/i2c.o
.text.i2c_write_read,0x0020774a,0x44,/xspace/OrangePi/MTK/OrangePi_4G-iot/output//obj/i2c.o
.text.i2c_hw_init,0x00207790,0x20,/xspace/OrangePi/MTK/OrangePi_4G-iot/output//obj/i2c.o
.text.mtk_kpd_gpios_get,0x00207858,0x4c,/xspace/OrangePi/MTK/OrangePi_4G-iot/output//obj/keypad.o
.text.mtk_kpd_gpio_set,0x002078a4,0x72,/xspace/OrangePi/MTK/OrangePi_4G-iot/output//obj/keypad.o
.text.set_kpd_pmic_mode,0x00207918,0x24,/xspace/OrangePi/MTK/OrangePi_4G-iot/output//obj/keypad.o
.text.enable_PMIC_kpd_clock,0x0020793c,0x2,/xspace/OrangePi/MTK/OrangePi_4G-iot/output//obj/keypad.o
.text.mtk_detect_key,0x00207940,0x3c,/xspace/OrangePi/MTK/OrangePi_4G-iot/output//obj/keypad.o
.text.mtk_detect_dl_keys,0x0020797c,0x2a,/xspace/OrangePi/MTK/OrangePi_4G-iot/output//obj/keypad.o
.text.wait_for_discon.isra.0.constprop.3,0x002079a8,0x38,/xspace/OrangePi/MTK/OrangePi_4G-iot/output//obj/main.o
.text.bldr_cmd_handler,0x002079e0,0x32c,/xspace/OrangePi/MTK/OrangePi_4G-iot/output//obj/main.o
.text.bldr_load_part,0x00207d0c,0x40,/xspace/OrangePi/MTK/OrangePi_4G-iot/output//obj/main.o
.text.bldr_load_bootimg_header,0x00207d4c,0x5c,/xspace/OrangePi/MTK/OrangePi_4G-iot/output//obj/main.o
.text.bldr_load_tee_part,0x00207da8,0x54,/xspace/OrangePi/MTK/OrangePi_4G-iot/output//obj/main.o
.text.bldr_jump,0x00207dfc,0x60,/xspace/OrangePi/MTK/OrangePi_4G-iot/output//obj/main.o
.text.bldr_jump64,0x00207e5c,0x60,/xspace/OrangePi/MTK/OrangePi_4G-iot/output//obj/main.o
.text.startup.main,0x00207ebc,0x30c,/xspace/OrangePi/MTK/OrangePi_4G-iot/output//obj/main.o
.text.complex_mem_test,0x002081c8,0x414,/xspace/OrangePi/MTK/OrangePi_4G-iot/output//obj/memory.o
.text.mt_mem_init,0x002085dc,0x134,/xspace/OrangePi/MTK/OrangePi_4G-iot/output//obj/memory.o
.text.mmc_switch_part,0x00208710,0x7a,/xspace/OrangePi/MTK/OrangePi_4G-iot/output//obj/mmc_common_inter.o
.text.mmc_bwrite,0x0020878a,0x24,/xspace/OrangePi/MTK/OrangePi_4G-iot/output//obj/mmc_common_inter.o
.text.mmc_bread,0x002087ae,0x24,/xspace/OrangePi/MTK/OrangePi_4G-iot/output//obj/mmc_common_inter.o
.text.mmc_init_device,0x002087d4,0x24c,/xspace/OrangePi/MTK/OrangePi_4G-iot/output//obj/mmc_common_inter.o
.text.mmc_get_device_id,0x00208a20,0xf0,/xspace/OrangePi/MTK/OrangePi_4G-iot/output//obj/mmc_common_inter.o
.text.unstuff_bits,0x00208b10,0x3a,/xspace/OrangePi/MTK/OrangePi_4G-iot/output//obj/mmc_core.o
.text.mmc_get_host,0x00208b4c,0x10,/xspace/OrangePi/MTK/OrangePi_4G-iot/output//obj/mmc_core.o
.text.mmc_get_card,0x00208b5c,0x14,/xspace/OrangePi/MTK/OrangePi_4G-iot/output//obj/mmc_core.o
.text.mmc_app_cmd,0x00208b8e,0x3c,/xspace/OrangePi/MTK/OrangePi_4G-iot/output//obj/mmc_core.o
.text.mmc_send_app_op_cond,0x00208bca,0x4e,/xspace/OrangePi/MTK/OrangePi_4G-iot/output//obj/mmc_core.o
.text.mmc_send_if_cond,0x00208c18,0x44,/xspace/OrangePi/MTK/OrangePi_4G-iot/output//obj/mmc_core.o
.text.mmc_send_op_cond,0x00208c5c,0x4a,/xspace/OrangePi/MTK/OrangePi_4G-iot/output//obj/mmc_core.o
.text.mmc_read_ext_csd.part.1,0x00208ca8,0x180,/xspace/OrangePi/MTK/OrangePi_4G-iot/output//obj/mmc_core.o
.text.mmc_sd_switch.isra.0.constprop.4,0x00208e28,0xa0,/xspace/OrangePi/MTK/OrangePi_4G-iot/output//obj/mmc_core.o
.text.mmc_select_voltage,0x00208ec8,0x1a,/xspace/OrangePi/MTK/OrangePi_4G-iot/output//obj/mmc_core.o
.text.mmc_go_idle,0x00208ee2,0x20,/xspace/OrangePi/MTK/OrangePi_4G-iot/output//obj/mmc_core.o
.text.mmc_send_status,0x00208f02,0x2c,/xspace/OrangePi/MTK/OrangePi_4G-iot/output//obj/mmc_core.o
.text.mmc_select_card,0x00208f2e,0x26,/xspace/OrangePi/MTK/OrangePi_4G-iot/output//obj/mmc_core.o
.text.mmc_send_relative_addr,0x00208f54,0x56,/xspace/OrangePi/MTK/OrangePi_4G-iot/output//obj/mmc_core.o
.text.mmc_switch,0x00208fac,0x70,/xspace/OrangePi/MTK/OrangePi_4G-iot/output//obj/mmc_core.o
.text.mmc_switch_hs,0x0020901c,0x2a,/xspace/OrangePi/MTK/OrangePi_4G-iot/output//obj/mmc_core.o
.text.mmc_read_ext_csd,0x00209046,0x10,/xspace/OrangePi/MTK/OrangePi_4G-iot/output//obj/mmc_core.o
.text.mmc_set_clock,0x00209056,0x30,/xspace/OrangePi/MTK/OrangePi_4G-iot/output//obj/mmc_core.o
.text.mmc_set_card_detect,0x00209086,0x26,/xspace/OrangePi/MTK/OrangePi_4G-iot/output//obj/mmc_core.o
.text.mmc_set_blk_length,0x002090ac,0x32,/xspace/OrangePi/MTK/OrangePi_4G-iot/output//obj/mmc_core.o
.text.mmc_set_bus_width,0x002090de,0x13a,/xspace/OrangePi/MTK/OrangePi_4G-iot/output//obj/mmc_core.o
.text.mmc_dev_bread,0x00209218,0xac,/xspace/OrangePi/MTK/OrangePi_4G-iot/output//obj/mmc_core.o
.text.mmc_block_read,0x002092c4,0x5c,/xspace/OrangePi/MTK/OrangePi_4G-iot/output//obj/mmc_core.o
.text.mmc_block_write,0x00209320,0x11c,/xspace/OrangePi/MTK/OrangePi_4G-iot/output//obj/mmc_core.o
.text.mmc_stuff_buff,0x0020943c,0x40,/xspace/OrangePi/MTK/OrangePi_4G-iot/output//obj/mmc_core.o
.text.mmc_get_sandisk_fwid,0x0020947c,0xa4,/xspace/OrangePi/MTK/OrangePi_4G-iot/output//obj/mmc_core.o
.text.mmc_init_mem_card,0x00209520,0x578,/xspace/OrangePi/MTK/OrangePi_4G-iot/output//obj/mmc_core.o
.text.mmc_init_card,0x00209a98,0x9a,/xspace/OrangePi/MTK/OrangePi_4G-iot/output//obj/mmc_core.o
.text.mmc_init_host,0x00209b32,0x24,/xspace/OrangePi/MTK/OrangePi_4G-iot/output//obj/mmc_core.o
.text.mmc_init,0x00209b58,0x44,/xspace/OrangePi/MTK/OrangePi_4G-iot/output//obj/mmc_core.o
.text.msdc_set_smt,0x00209b9c,0xa0,/xspace/OrangePi/MTK/OrangePi_4G-iot/output//obj/msdc.o
.text.msdc_set_tdsel,0x00209c3c,0x9c,/xspace/OrangePi/MTK/OrangePi_4G-iot/output//obj/msdc.o
.text.msdc_set_rdsel,0x00209cd8,0x8c,/xspace/OrangePi/MTK/OrangePi_4G-iot/output//obj/msdc.o
.text.msdc_set_driving,0x00209d64,0x1d0,/xspace/OrangePi/MTK/OrangePi_4G-iot/output//obj/msdc.o
.text.msdc_clock,0x00209f34,0x2,/xspace/OrangePi/MTK/OrangePi_4G-iot/output//obj/msdc.o
.text.msdc_clr_fifo,0x00209f36,0x34,/xspace/OrangePi/MTK/OrangePi_4G-iot/output//obj/msdc.o
.text.msdc_reset,0x00209f6a,0x30,/xspace/OrangePi/MTK/OrangePi_4G-iot/output//obj/msdc.o
.text.msdc_abort,0x00209f9a,0x28,/xspace/OrangePi/MTK/OrangePi_4G-iot/output//obj/msdc.o
.text.msdc_config_pin,0x00209fc4,0x1dc,/xspace/OrangePi/MTK/OrangePi_4G-iot/output//obj/msdc.o
.text.msdc_set_startbit,0x0020a1a0,0x4a,/xspace/OrangePi/MTK/OrangePi_4G-iot/output//obj/msdc.o
.text.msdc_set_smpl,0x0020a1ec,0x354,/xspace/OrangePi/MTK/OrangePi_4G-iot/output//obj/msdc.o
.text.msdc_set_timeout,0x0020a540,0x98,/xspace/OrangePi/MTK/OrangePi_4G-iot/output//obj/msdc.o
.text.msdc_set_blklen,0x0020a5d8,0xa,/xspace/OrangePi/MTK/OrangePi_4G-iot/output//obj/msdc.o
.text.msdc_set_blknum,0x0020a5e2,0x1c,/xspace/OrangePi/MTK/OrangePi_4G-iot/output//obj/msdc.o
.text.msdc_set_dmode,0x0020a600,0x3c,/xspace/OrangePi/MTK/OrangePi_4G-iot/output//obj/msdc.o
.text.msdc_set_pio_bits,0x0020a63c,0x6,/xspace/OrangePi/MTK/OrangePi_4G-iot/output//obj/msdc.o
.text.msdc_send_cmd,0x0020a644,0x180,/xspace/OrangePi/MTK/OrangePi_4G-iot/output//obj/msdc.o
.text.msdc_wait_rsp,0x0020a7c4,0xa8,/xspace/OrangePi/MTK/OrangePi_4G-iot/output//obj/msdc.o
.text.msdc_intr_unmask,0x0020a86c,0xe,/xspace/OrangePi/MTK/OrangePi_4G-iot/output//obj/msdc.o
.text.msdc_dma_send_sandisk_fwid,0x0020a87a,0x38,/xspace/OrangePi/MTK/OrangePi_4G-iot/output//obj/msdc.o
.text.msdc_pio_read,0x0020a8b2,0xba,/xspace/OrangePi/MTK/OrangePi_4G-iot/output//obj/msdc.o
.text.msdc_pio_write,0x0020a96c,0x9c,/xspace/OrangePi/MTK/OrangePi_4G-iot/output//obj/msdc.o
.text.msdc_config_clksrc,0x0020aa08,0x30,/xspace/OrangePi/MTK/OrangePi_4G-iot/output//obj/msdc.o
.text.msdc_config_clock,0x0020aa38,0x164,/xspace/OrangePi/MTK/OrangePi_4G-iot/output//obj/msdc.o
.text.msdc_config_bus,0x0020ab9c,0x24,/xspace/OrangePi/MTK/OrangePi_4G-iot/output//obj/msdc.o
.text.msdc_set_host_pwr,0x0020abc0,0x54,/xspace/OrangePi/MTK/OrangePi_4G-iot/output//obj/msdc.o
.text.msdc_host_power,0x0020ac14,0x3a,/xspace/OrangePi/MTK/OrangePi_4G-iot/output//obj/msdc.o
.text.msdc_card_power,0x0020ac4e,0x2,/xspace/OrangePi/MTK/OrangePi_4G-iot/output//obj/msdc.o
.text.msdc_power,0x0020ac50,0x30,/xspace/OrangePi/MTK/OrangePi_4G-iot/output//obj/msdc.o
.text.msdc_reset_tune_counter,0x0020ac80,0x6,/xspace/OrangePi/MTK/OrangePi_4G-iot/output//obj/msdc.o
.text.msdc_tune_cmdrsp,0x0020ac88,0x260,/xspace/OrangePi/MTK/OrangePi_4G-iot/output//obj/msdc.o
.text.msdc_cmd,0x0020aee8,0x58,/xspace/OrangePi/MTK/OrangePi_4G-iot/output//obj/msdc.o
.text.msdc_cmd_stop,0x0020af40,0x38,/xspace/OrangePi/MTK/OrangePi_4G-iot/output//obj/msdc.o
.text.msdc_abort_handler,0x0020af78,0x6e,/xspace/OrangePi/MTK/OrangePi_4G-iot/output//obj/msdc.o
.text.msdc_pio_bread,0x0020afe8,0xd8,/xspace/OrangePi/MTK/OrangePi_4G-iot/output//obj/msdc.o
.text.msdc_pio_bwrite,0x0020b0c0,0xc0,/xspace/OrangePi/MTK/OrangePi_4G-iot/output//obj/msdc.o
.text.msdc_tune_bread,0x0020b180,0x26c,/xspace/OrangePi/MTK/OrangePi_4G-iot/output//obj/msdc.o
.text.msdc_tune_read,0x0020b3ec,0x280,/xspace/OrangePi/MTK/OrangePi_4G-iot/output//obj/msdc.o
.text.msdc_tune_rw_hs400,0x0020b66c,0x100,/xspace/OrangePi/MTK/OrangePi_4G-iot/output//obj/msdc.o
.text.msdc_tune_bwrite,0x0020b76c,0x1bc,/xspace/OrangePi/MTK/OrangePi_4G-iot/output//obj/msdc.o
.text.msdc_init,0x0020b928,0x458,/xspace/OrangePi/MTK/OrangePi_4G-iot/output//obj/msdc.o
.text.msdc_init_gpd_bd,0x0020bd80,0x40,/xspace/OrangePi/MTK/OrangePi_4G-iot/output//obj/msdc_dma.o
.text.msdc_flush_membuf,0x0020bdc0,0x2,/xspace/OrangePi/MTK/OrangePi_4G-iot/output//obj/msdc_dma.o
.text.msdc_cal_checksum,0x0020bdc2,0x18,/xspace/OrangePi/MTK/OrangePi_4G-iot/output//obj/msdc_dma.o
.text.msdc_alloc_gpd,0x0020bdda,0x58,/xspace/OrangePi/MTK/OrangePi_4G-iot/output//obj/msdc_dma.o
.text.msdc_alloc_bd,0x0020be32,0x62,/xspace/OrangePi/MTK/OrangePi_4G-iot/output//obj/msdc_dma.o
.text.msdc_queue_bd,0x0020be94,0x30,/xspace/OrangePi/MTK/OrangePi_4G-iot/output//obj/msdc_dma.o
.text.msdc_add_gpd,0x0020bec4,0x42,/xspace/OrangePi/MTK/OrangePi_4G-iot/output//obj/msdc_dma.o
.text.msdc_reset_gpd,0x0020bf06,0x12,/xspace/OrangePi/MTK/OrangePi_4G-iot/output//obj/msdc_dma.o
.text.msdc_sg_init,0x0020bf18,0x5c,/xspace/OrangePi/MTK/OrangePi_4G-iot/output//obj/msdc_dma.o
.text.msdc_dma_init,0x0020bf74,0x4e,/xspace/OrangePi/MTK/OrangePi_4G-iot/output//obj/msdc_dma.o
.text.msdc_dma_config,0x0020bfc2,0x210,/xspace/OrangePi/MTK/OrangePi_4G-iot/output//obj/msdc_dma.o
.text.msdc_dma_start,0x0020c1d2,0x36,/xspace/OrangePi/MTK/OrangePi_4G-iot/output//obj/msdc_dma.o
.text.msdc_dma_stop,0x0020c208,0x52,/xspace/OrangePi/MTK/OrangePi_4G-iot/output//obj/msdc_dma.o
.text.msdc_dma_wait_done,0x0020c25a,0x94,/xspace/OrangePi/MTK/OrangePi_4G-iot/output//obj/msdc_dma.o
.text.msdc_dma_transfer,0x0020c2f0,0x1dc,/xspace/OrangePi/MTK/OrangePi_4G-iot/output//obj/msdc_dma.o
.text.msdc_dma_bread,0x0020c4cc,0x56,/xspace/OrangePi/MTK/OrangePi_4G-iot/output//obj/msdc_dma.o
.text.msdc_dma_bwrite,0x0020c522,0x5a,/xspace/OrangePi/MTK/OrangePi_4G-iot/output//obj/msdc_dma.o
.text.msdc_irq_init,0x0020c57c,0x2,/xspace/OrangePi/MTK/OrangePi_4G-iot/output//obj/msdc_irq.o
.text.msdc_intr_wait,0x0020c580,0x64,/xspace/OrangePi/MTK/OrangePi_4G-iot/output//obj/msdc_irq.o
.text.msdc_uffs,0x0020c5e4,0x32,/xspace/OrangePi/MTK/OrangePi_4G-iot/output//obj/msdc_utils.o
.text.mt6311_write_byte,0x0020c618,0x44,/xspace/OrangePi/MTK/OrangePi_4G-iot/output//obj/mt6311.o
.text.mt6311_read_byte,0x0020c65c,0x38,/xspace/OrangePi/MTK/OrangePi_4G-iot/output//obj/mt6311.o
.text.mt6311_read_interface,0x0020c694,0x26,/xspace/OrangePi/MTK/OrangePi_4G-iot/output//obj/mt6311.o
.text.mt6311_config_interface,0x0020c6ba,0x3c,/xspace/OrangePi/MTK/OrangePi_4G-iot/output//obj/mt6311.o
.text.mt6311_dump_register,0x0020c6f6,0x2,/xspace/OrangePi/MTK/OrangePi_4G-iot/output//obj/mt6311.o
.text.mt6311_hw_init,0x0020c6f8,0x36,/xspace/OrangePi/MTK/OrangePi_4G-iot/output//obj/mt6311.o
.text.mt6311_get_cid,0x0020c72e,0x1c,/xspace/OrangePi/MTK/OrangePi_4G-iot/output//obj/mt6311.o
.text.mt6311_get_swcid,0x0020c74a,0x1c,/xspace/OrangePi/MTK/OrangePi_4G-iot/output//obj/mt6311.o
.text.update_mt6311_chip_id,0x0020c768,0x24,/xspace/OrangePi/MTK/OrangePi_4G-iot/output//obj/mt6311.o
.text.mt6311_get_chip_id,0x0020c78c,0x20,/xspace/OrangePi/MTK/OrangePi_4G-iot/output//obj/mt6311.o
.text.mt6311_hw_component_detect,0x0020c7ac,0x40,/xspace/OrangePi/MTK/OrangePi_4G-iot/output//obj/mt6311.o
.text.mt6311_hw_reload_dump_log,0x0020c7ec,0x2,/xspace/OrangePi/MTK/OrangePi_4G-iot/output//obj/mt6311.o
.text.mt6311_hw_reload,0x0020c7ee,0x7e,/xspace/OrangePi/MTK/OrangePi_4G-iot/output//obj/mt6311.o
.text.mt6311_driver_probe,0x0020c86c,0x38,/xspace/OrangePi/MTK/OrangePi_4G-iot/output//obj/mt6311.o
.text.mt_set_ptp_info,0x0020c8a4,0x3c,/xspace/OrangePi/MTK/OrangePi_4G-iot/output//obj/mt_ptp.o
.text.ptp_init,0x0020c8e0,0x29c,/xspace/OrangePi/MTK/OrangePi_4G-iot/output//obj/mt_ptp.o
.text.part_init,0x0020cb7c,0x68,/xspace/OrangePi/MTK/OrangePi_4G-iot/output//obj/partition.o
.text.get_part,0x0020cbe4,0x60,/xspace/OrangePi/MTK/OrangePi_4G-iot/output//obj/partition.o
.text.part_get,0x0020cc44,0x4,/xspace/OrangePi/MTK/OrangePi_4G-iot/output//obj/partition.o
.text.put_part,0x0020cc48,0x2,/xspace/OrangePi/MTK/OrangePi_4G-iot/output//obj/partition.o
.text.get_part_info,0x0020cc4c,0x28,/xspace/OrangePi/MTK/OrangePi_4G-iot/output//obj/partition.o
.text.part_load,0x0020cc74,0x114,/xspace/OrangePi/MTK/OrangePi_4G-iot/output//obj/partition.o
.text.part_load_raw_part,0x0020cd88,0x34,/xspace/OrangePi/MTK/OrangePi_4G-iot/output//obj/partition.o
.text.part_dump,0x0020cdbc,0x30,/xspace/OrangePi/MTK/OrangePi_4G-iot/output//obj/partition.o
.text.platform_core_handler,0x0020cdec,0x14,/xspace/OrangePi/MTK/OrangePi_4G-iot/output//obj/platform.o
.text.platform_vusb_on,0x0020ce00,0x4,/xspace/OrangePi/MTK/OrangePi_4G-iot/output//obj/platform.o
.text.platform_set_boot_args_by_atag,0x0020ce04,0x4c0,/xspace/OrangePi/MTK/OrangePi_4G-iot/output//obj/platform.o
.text.platform_parse_bootopt,0x0020d2c4,0x1a4,/xspace/OrangePi/MTK/OrangePi_4G-iot/output//obj/platform.o
.text.platform_set_boot_args,0x0020d468,0x70,/xspace/OrangePi/MTK/OrangePi_4G-iot/output//obj/platform.o
.text.platform_set_dl_boot_args,0x0020d4d8,0x7c,/xspace/OrangePi/MTK/OrangePi_4G-iot/output//obj/platform.o
.text.platform_wdt_all_kick,0x0020d554,0xe,/xspace/OrangePi/MTK/OrangePi_4G-iot/output//obj/platform.o
.text.platform_wdt_kick,0x0020d562,0x4,/xspace/OrangePi/MTK/OrangePi_4G-iot/output//obj/platform.o
.text.platform_safe_mode,0x0020d568,0x4c,/xspace/OrangePi/MTK/OrangePi_4G-iot/output//obj/platform.o
.text.platform_emergency_download,0x0020d5b4,0x34,/xspace/OrangePi/MTK/OrangePi_4G-iot/output//obj/platform.o
.text.platform_get_mcp_id,0x0020d5e8,0x1e,/xspace/OrangePi/MTK/OrangePi_4G-iot/output//obj/platform.o
.text.platform_set_chrg_cur,0x0020d606,0x4,/xspace/OrangePi/MTK/OrangePi_4G-iot/output//obj/platform.o
.text.usb_accessory_in,0x0020d60a,0x1e,/xspace/OrangePi/MTK/OrangePi_4G-iot/output//obj/platform.o
.text.usb_cable_in,0x0020d628,0x50,/xspace/OrangePi/MTK/OrangePi_4G-iot/output//obj/platform.o
.text.mt_get_chip_hw_code,0x0020d678,0x8,/xspace/OrangePi/MTK/OrangePi_4G-iot/output//obj/platform.o
.text.mt_get_chip_sw_ver,0x0020d680,0x10,/xspace/OrangePi/MTK/OrangePi_4G-iot/output//obj/platform.o
.text.platform_com_wait_forever_check,0x0020d690,0x4,/xspace/OrangePi/MTK/OrangePi_4G-iot/output//obj/platform.o
.text.check_charger_boost_status,0x0020d694,0x2,/xspace/OrangePi/MTK/OrangePi_4G-iot/output//obj/platform.o
.text.platform_pre_init,0x0020d698,0x120,/xspace/OrangePi/MTK/OrangePi_4G-iot/output//obj/platform.o
.text.platform_init,0x0020d7b8,0x1ec,/xspace/OrangePi/MTK/OrangePi_4G-iot/output//obj/platform.o
.text.platform_post_init,0x0020d9a4,0x6c,/xspace/OrangePi/MTK/OrangePi_4G-iot/output//obj/platform.o
.text.platform_error_handler,0x0020da10,0x5c,/xspace/OrangePi/MTK/OrangePi_4G-iot/output//obj/platform.o
.text.platform_assert,0x0020da6c,0x20,/xspace/OrangePi/MTK/OrangePi_4G-iot/output//obj/platform.o
.text.mt_get_mem_freq,0x0020da8c,0x80,/xspace/OrangePi/MTK/OrangePi_4G-iot/output//obj/pll2.o
.text.mt_mempll_init,0x0020db0c,0x39c,/xspace/OrangePi/MTK/OrangePi_4G-iot/output//obj/pll2.o
.text.mt_pll_post_init,0x0020dea8,0x100,/xspace/OrangePi/MTK/OrangePi_4G-iot/output//obj/pll2.o
.text.mt_pll_init,0x0020dfa8,0x2b8,/xspace/OrangePi/MTK/OrangePi_4G-iot/output//obj/pll2.o
.text.pmic_read_interface,0x0020e260,0x28,/xspace/OrangePi/MTK/OrangePi_4G-iot/output//obj/pmic.o
.text.pmic_get_register_value,0x0020e288,0x14,/xspace/OrangePi/MTK/OrangePi_4G-iot/output//obj/pmic.o
.text.pmic_config_interface,0x0020e29c,0x3c,/xspace/OrangePi/MTK/OrangePi_4G-iot/output//obj/pmic.o
.text.upmu_set_reg_value,0x0020e2d8,0xa,/xspace/OrangePi/MTK/OrangePi_4G-iot/output//obj/pmic.o
.text.hw_charger_type_detection,0x0020e2e4,0x14,/xspace/OrangePi/MTK/OrangePi_4G-iot/output//obj/pmic.o
.text.mt_charger_type_detection,0x0020e2f8,0x44,/xspace/OrangePi/MTK/OrangePi_4G-iot/output//obj/pmic.o
.text.get_MT6328_PMIC_chip_version,0x0020e33c,0x1e,/xspace/OrangePi/MTK/OrangePi_4G-iot/output//obj/pmic.o
.text.pmic_detect_powerkey,0x0020e35c,0x40,/xspace/OrangePi/MTK/OrangePi_4G-iot/output//obj/pmic.o
.text.pmic_IsUsbCableIn,0x0020e39c,0x3c,/xspace/OrangePi/MTK/OrangePi_4G-iot/output//obj/pmic.o
.text.pmic_IsVbatDrop,0x0020e3d8,0xc,/xspace/OrangePi/MTK/OrangePi_4G-iot/output//obj/pmic.o
.text.hw_set_cc,0x0020e3e4,0x2,/xspace/OrangePi/MTK/OrangePi_4G-iot/output//obj/pmic.o
.text.hw_check_battery,0x0020e3e8,0x14,/xspace/OrangePi/MTK/OrangePi_4G-iot/output//obj/pmic.o
.text.PMIC_enable_long_press_reboot,0x0020e3fc,0x30,/xspace/OrangePi/MTK/OrangePi_4G-iot/output//obj/pmic.o
.text.PMIC_VUSB_EN,0x0020e42c,0xe,/xspace/OrangePi/MTK/OrangePi_4G-iot/output//obj/pmic.o
.text.pl_charging,0x0020e43a,0x2,/xspace/OrangePi/MTK/OrangePi_4G-iot/output//obj/pmic.o
.text.pl_kick_chr_wdt,0x0020e43c,0x2,/xspace/OrangePi/MTK/OrangePi_4G-iot/output//obj/pmic.o
.text.pl_close_pre_chr_led,0x0020e43e,0x2,/xspace/OrangePi/MTK/OrangePi_4G-iot/output//obj/pmic.o
.text.upmu_get_reg_value,0x0020e440,0x1a,/xspace/OrangePi/MTK/OrangePi_4G-iot/output//obj/pmic.o
.text.pmic_read_efuse,0x0020e45a,0x78,/xspace/OrangePi/MTK/OrangePi_4G-iot/output//obj/pmic.o
.text.pmic_6328_efuse_management,0x0020e4d4,0xcb0,/xspace/OrangePi/MTK/OrangePi_4G-iot/output//obj/pmic.o
.text.upmu_set_rg_vio18_184,0x0020f184,0x20,/xspace/OrangePi/MTK/OrangePi_4G-iot/output//obj/pmic.o
.text.pmic_disable_usbdl_wo_battery,0x0020f1a4,0x30,/xspace/OrangePi/MTK/OrangePi_4G-iot/output//obj/pmic.o
.text.PMIC_IMM_GetOneChannelValue,0x0020f1d4,0x16c,/xspace/OrangePi/MTK/OrangePi_4G-iot/output//obj/pmic.o
.text.get_bat_sense_volt,0x0020f340,0xa,/xspace/OrangePi/MTK/OrangePi_4G-iot/output//obj/pmic.o
.text.get_i_sense_volt,0x0020f34a,0xa,/xspace/OrangePi/MTK/OrangePi_4G-iot/output//obj/pmic.o
.text.get_charger_volt,0x0020f354,0x1a,/xspace/OrangePi/MTK/OrangePi_4G-iot/output//obj/pmic.o
.text.upmu_is_chr_det,0x0020f36e,0x1e,/xspace/OrangePi/MTK/OrangePi_4G-iot/output//obj/pmic.o
.text.runyee_fan5405_pl_init,0x0020f38c,0x36,/xspace/OrangePi/MTK/OrangePi_4G-iot/output//obj/pmic.o
.text.kick_charger_wdt,0x0020f3c2,0x4e,/xspace/OrangePi/MTK/OrangePi_4G-iot/output//obj/pmic.o
.text.pchr_turn_on_charging,0x0020f410,0x6a,/xspace/OrangePi/MTK/OrangePi_4G-iot/output//obj/pmic.o
.text.get_charging_current,0x0020f47a,0x20,/xspace/OrangePi/MTK/OrangePi_4G-iot/output//obj/pmic.o
.text.pl_check_bat_protect_status,0x0020f49c,0xb4,/xspace/OrangePi/MTK/OrangePi_4G-iot/output//obj/pmic.o
.text.pmic_init,0x0020f550,0x118,/xspace/OrangePi/MTK/OrangePi_4G-iot/output//obj/pmic.o
.text.wait_for_fsm_idle,0x0020f668,0xa,/xspace/OrangePi/MTK/OrangePi_4G-iot/output//obj/pmic_wrap_init.o
.text.wait_for_fsm_vldclr,0x0020f672,0xc,/xspace/OrangePi/MTK/OrangePi_4G-iot/output//obj/pmic_wrap_init.o
.text.wait_for_sync,0x0020f67e,0xa,/xspace/OrangePi/MTK/OrangePi_4G-iot/output//obj/pmic_wrap_init.o
.text.wait_for_idle_and_sync,0x0020f688,0x14,/xspace/OrangePi/MTK/OrangePi_4G-iot/output//obj/pmic_wrap_init.o
.text.wait_for_cipher_ready,0x0020f69c,0x8,/xspace/OrangePi/MTK/OrangePi_4G-iot/output//obj/pmic_wrap_init.o
.text.wait_for_state_ready_init.constprop.5,0x0020f6a4,0x40,/xspace/OrangePi/MTK/OrangePi_4G-iot/output//obj/pmic_wrap_init.o
.text._pwrap_wacs2_nochk,0x0020f6e4,0x98,/xspace/OrangePi/MTK/OrangePi_4G-iot/output//obj/pmic_wrap_init.o
.text.pwrap_write_nochk,0x0020f77c,0xe,/xspace/OrangePi/MTK/OrangePi_4G-iot/output//obj/pmic_wrap_init.o
.text.pwrap_read_nochk,0x0020f78a,0xe,/xspace/OrangePi/MTK/OrangePi_4G-iot/output//obj/pmic_wrap_init.o
.text.pwrap_dump_ap_register,0x0020f798,0x14,/xspace/OrangePi/MTK/OrangePi_4G-iot/output//obj/pmic_wrap_init.o
.text.pwrap_wacs2,0x0020f7ac,0xf4,/xspace/OrangePi/MTK/OrangePi_4G-iot/output//obj/pmic_wrap_init.o
.text.pwrap_read,0x0020f8a0,0xe,/xspace/OrangePi/MTK/OrangePi_4G-iot/output//obj/pmic_wrap_init.o
.text.unlikely.pwrap_read_test,0x0020f8ae,0x26,/xspace/OrangePi/MTK/OrangePi_4G-iot/output//obj/pmic_wrap_init.o
.text.pwrap_write,0x0020f8d4,0xe,/xspace/OrangePi/MTK/OrangePi_4G-iot/output//obj/pmic_wrap_init.o
.text.unlikely.pwrap_write_test,0x0020f8e2,0x3a,/xspace/OrangePi/MTK/OrangePi_4G-iot/output//obj/pmic_wrap_init.o
.text.pwrap_init,0x0020f91c,0x77c,/xspace/OrangePi/MTK/OrangePi_4G-iot/output//obj/pmic_wrap_init.o
.text.pwrap_init_preloader,0x00210098,0x12,/xspace/OrangePi/MTK/OrangePi_4G-iot/output//obj/pmic_wrap_init.o
.text.log_buf_ctrl,0x00210178,0x104,/xspace/OrangePi/MTK/OrangePi_4G-iot/output//obj/print.o
.text.log_ctrl,0x0021027c,0x4c,/xspace/OrangePi/MTK/OrangePi_4G-iot/output//obj/print.o
.text.log_status,0x002102c8,0x14,/xspace/OrangePi/MTK/OrangePi_4G-iot/output//obj/print.o
.text.dbg_print,0x00210406,0x12,/xspace/OrangePi/MTK/OrangePi_4G-iot/output//obj/print.o
.text.ram_console_init,0x00210418,0xa0,/xspace/OrangePi/MTK/OrangePi_4G-iot/output//obj/ram_console.o
.text.ram_console_reboot_reason_save,0x002104b8,0x28,/xspace/OrangePi/MTK/OrangePi_4G-iot/output//obj/ram_console.o
.text.rtc_xosc_check_clock,0x002104e0,0x2e,/xspace/OrangePi/MTK/OrangePi_4G-iot/output//obj/rtc.o
.text.rtc_eosc_check_clock,0x0021050e,0x38,/xspace/OrangePi/MTK/OrangePi_4G-iot/output//obj/rtc.o
.text.rtc_mktime,0x00210546,0x7c,/xspace/OrangePi/MTK/OrangePi_4G-iot/output//obj/rtc.o
.text.RTC_Read,0x002105c2,0x18,/xspace/OrangePi/MTK/OrangePi_4G-iot/output//obj/rtc.o
.text.Write_trigger,0x002105da,0x34,/xspace/OrangePi/MTK/OrangePi_4G-iot/output//obj/rtc.o
.text.rtc_gpio_init,0x0021060e,0x28,/xspace/OrangePi/MTK/OrangePi_4G-iot/output//obj/rtc.o
.text.rtc_get_xosc_mode,0x00210636,0x32,/xspace/OrangePi/MTK/OrangePi_4G-iot/output//obj/rtc.o
.text.rtc_xosc_write,0x00210668,0x3a,/xspace/OrangePi/MTK/OrangePi_4G-iot/output//obj/rtc.o
.text.get_frequency_meter,0x002106a2,0xe6,/xspace/OrangePi/MTK/OrangePi_4G-iot/output//obj/rtc.o
.text.eosc_cali,0x00210788,0xa6,/xspace/OrangePi/MTK/OrangePi_4G-iot/output//obj/rtc.o
.text.rtc_measure_four_clock,0x0021082e,0xa2,/xspace/OrangePi/MTK/OrangePi_4G-iot/output//obj/rtc.o
.text.Writeif_unlock,0x002108d0,0x2c,/xspace/OrangePi/MTK/OrangePi_4G-iot/output//obj/rtc.o
.text.rtc_2sec_stat_clear,0x002108fc,0x62,/xspace/OrangePi/MTK/OrangePi_4G-iot/output//obj/rtc.o
.text.rtc_android_init,0x0021095e,0x114,/xspace/OrangePi/MTK/OrangePi_4G-iot/output//obj/rtc.o
.text.rtc_lpd_init,0x00210a72,0xce,/xspace/OrangePi/MTK/OrangePi_4G-iot/output//obj/rtc.o
.text.rtc_frequency_meter_check,0x00210b40,0x9c,/xspace/OrangePi/MTK/OrangePi_4G-iot/output//obj/rtc.o
.text.rtc_first_boot_init,0x00210bdc,0x86,/xspace/OrangePi/MTK/OrangePi_4G-iot/output//obj/rtc.o
.text.rtc_recovery_flow,0x00210c64,0xbc,/xspace/OrangePi/MTK/OrangePi_4G-iot/output//obj/rtc.o
.text.rtc_mark_bypass_pwrkey,0x00210d20,0x20,/xspace/OrangePi/MTK/OrangePi_4G-iot/output//obj/rtc.o
.text.pl_power_off,0x00210d40,0x24,/xspace/OrangePi/MTK/OrangePi_4G-iot/output//obj/rtc.o
.text.rtc_save_2sec_stat,0x00210d64,0x9c,/xspace/OrangePi/MTK/OrangePi_4G-iot/output//obj/rtc.o
.text.rtc_boot_check,0x00210e00,0x47c,/xspace/OrangePi/MTK/OrangePi_4G-iot/output//obj/rtc.o
.text.rtc_2sec_reboot_check,0x0021127c,0xc,/xspace/OrangePi/MTK/OrangePi_4G-iot/output//obj/rtc.o
.text.rtc_enable_2sec_reboot,0x00211288,0x24,/xspace/OrangePi/MTK/OrangePi_4G-iot/output//obj/rtc.o
.text.rtc_bbpu_power_on,0x002112ac,0x34,/xspace/OrangePi/MTK/OrangePi_4G-iot/output//obj/rtc.o
.text.sec_cfg_load,0x002112e0,0x4c,/xspace/OrangePi/MTK/OrangePi_4G-iot/output//obj/sec.o
.text.sec_malloc_buf_reset,0x0021132c,0x40,/xspace/OrangePi/MTK/OrangePi_4G-iot/output//obj/sec.o
.text.sec_lib_init,0x0021136c,0x10c,/xspace/OrangePi/MTK/OrangePi_4G-iot/output//obj/sec.o
.text.is_BR_cmd_disabled,0x00211478,0x50,/xspace/OrangePi/MTK/OrangePi_4G-iot/output//obj/sec.o
.text.sec_auth,0x002114c8,0x10,/xspace/OrangePi/MTK/OrangePi_4G-iot/output//obj/sec_auth.o
.text.da_auth_init,0x002114d8,0x38,/xspace/OrangePi/MTK/OrangePi_4G-iot/output//obj/sec_auth.o
.text.sec_boot_img_check,0x00211510,0x30,/xspace/OrangePi/MTK/OrangePi_4G-iot/output//obj/sec_boot.o
.text.sec_boot_check,0x00211540,0xdc,/xspace/OrangePi/MTK/OrangePi_4G-iot/output//obj/sec_boot.o
.text.sec_ctrl_init,0x0021161c,0x2,/xspace/OrangePi/MTK/OrangePi_4G-iot/output//obj/sec_ctrl.o
.text.sec_flashtool_cfg_init,0x0021161e,0x2,/xspace/OrangePi/MTK/OrangePi_4G-iot/output//obj/sec_flashtool_cfg.o
.text.sec_key_init,0x00211620,0x80,/xspace/OrangePi/MTK/OrangePi_4G-iot/output//obj/sec_key.o
.text.is_region_overlap,0x002116a0,0x1e,/xspace/OrangePi/MTK/OrangePi_4G-iot/output//obj/sec_region.o
.text.blacklist_check,0x002116c0,0x34,/xspace/OrangePi/MTK/OrangePi_4G-iot/output//obj/sec_region.o
.text.sec_region_check,0x002116f4,0xf0,/xspace/OrangePi/MTK/OrangePi_4G-iot/output//obj/sec_region.o
.text.sec_rom_info_init,0x002117e4,0x2,/xspace/OrangePi/MTK/OrangePi_4G-iot/output//obj/sec_rom_info.o
.text.factory_mode_valid,0x002117e8,0x4c,/xspace/OrangePi/MTK/OrangePi_4G-iot/output//obj/sec_secroimg.o
.text.sec_lib_read_secro,0x00211834,0x128,/xspace/OrangePi/MTK/OrangePi_4G-iot/output//obj/sec_secroimg.o
.text.sec2plname,0x0021195c,0x140,/xspace/OrangePi/MTK/OrangePi_4G-iot/output//obj/sec_util.o
.text.sec_util_get_secro_buf,0x00211a9c,0x1c,/xspace/OrangePi/MTK/OrangePi_4G-iot/output//obj/sec_util.o
.text.sec_util_get_img_buf,0x00211ab8,0x18,/xspace/OrangePi/MTK/OrangePi_4G-iot/output//obj/sec_util.o
.text.sec_util_get_working_buf,0x00211ad0,0x14,/xspace/OrangePi/MTK/OrangePi_4G-iot/output//obj/sec_util.o
.text.sec_util_read_image,0x00211ae4,0xb8,/xspace/OrangePi/MTK/OrangePi_4G-iot/output//obj/sec_util.o
.text.sec_util_brom_download_recovery_check,0x00211b9c,0x108,/xspace/OrangePi/MTK/OrangePi_4G-iot/output//obj/sec_util.o
.text.spm_mtcmos_ctrl_cpu0,0x00211ca4,0x100,/xspace/OrangePi/MTK/OrangePi_4G-iot/output//obj/spm_mtcmos.o
.text.spm_mtcmos_ctrl_cpu1,0x00211da4,0x100,/xspace/OrangePi/MTK/OrangePi_4G-iot/output//obj/spm_mtcmos.o
.text.spm_mtcmos_ctrl_cpu2,0x00211ea4,0x100,/xspace/OrangePi/MTK/OrangePi_4G-iot/output//obj/spm_mtcmos.o
.text.spm_mtcmos_ctrl_cpu3,0x00211fa4,0x100,/xspace/OrangePi/MTK/OrangePi_4G-iot/output//obj/spm_mtcmos.o
.text.spm_mtcmos_ctrl_cpu,0x002120a4,0x18,/xspace/OrangePi/MTK/OrangePi_4G-iot/output//obj/spm_mtcmos.o
.text.spm_mtcmos_ctrl_cpusys1,0x002120bc,0x124,/xspace/OrangePi/MTK/OrangePi_4G-iot/output//obj/spm_mtcmos.o
.text.spm_mtcmos_ctrl_cpu4,0x002121e0,0x158,/xspace/OrangePi/MTK/OrangePi_4G-iot/output//obj/spm_mtcmos.o
.text.spm_mtcmos_ctrl_cpu5,0x00212338,0x15c,/xspace/OrangePi/MTK/OrangePi_4G-iot/output//obj/spm_mtcmos.o
.text.spm_mtcmos_ctrl_cpu6,0x00212494,0x15c,/xspace/OrangePi/MTK/OrangePi_4G-iot/output//obj/spm_mtcmos.o
.text.spm_mtcmos_ctrl_cpu7,0x002125f0,0x15c,/xspace/OrangePi/MTK/OrangePi_4G-iot/output//obj/spm_mtcmos.o
.text.spm_mtcmos_ctrl_disp,0x0021274c,0x104,/xspace/OrangePi/MTK/OrangePi_4G-iot/output//obj/spm_mtcmos.o
.text.mt_reg_sync_writel,0x00212978,0x6,/xspace/OrangePi/MTK/OrangePi_4G-iot/output//obj/sync_write.o
.text.mt_reg_sync_writeb,0x0021297e,0x8,/xspace/OrangePi/MTK/OrangePi_4G-iot/output//obj/sync_write.o
.text.gpt4_get_current_tick,0x00212988,0xc,/xspace/OrangePi/MTK/OrangePi_4G-iot/output//obj/timer.o
.text.gpt4_timeout_tick,0x00212994,0x22,/xspace/OrangePi/MTK/OrangePi_4G-iot/output//obj/timer.o
.text.gpt4_time2tick_us,0x002129b8,0x18,/xspace/OrangePi/MTK/OrangePi_4G-iot/output//obj/timer.o
.text.gpt_busy_wait_us,0x002129d0,0x1c,/xspace/OrangePi/MTK/OrangePi_4G-iot/output//obj/timer.o
.text.gpt_busy_wait_ms,0x002129ec,0x44,/xspace/OrangePi/MTK/OrangePi_4G-iot/output//obj/timer.o
.text.get_timer,0x00212a30,0x88,/xspace/OrangePi/MTK/OrangePi_4G-iot/output//obj/timer.o
.text.mtk_timer_init,0x00212ac0,0x44,/xspace/OrangePi/MTK/OrangePi_4G-iot/output//obj/timer.o
.text.emi_mpu_set_region_protection,0x00212b04,0x158,/xspace/OrangePi/MTK/OrangePi_4G-iot/output//obj/tz_emi_mpu.o
.text.tz_emi_mpu_init,0x00212c5c,0x70,/xspace/OrangePi/MTK/OrangePi_4G-iot/output//obj/tz_emi_mpu.o
.text.tee_get_secmem_start,0x00212ccc,0x10,/xspace/OrangePi/MTK/OrangePi_4G-iot/output//obj/tz_init.o
.text.tee_get_secmem_size,0x00212cdc,0x8,/xspace/OrangePi/MTK/OrangePi_4G-iot/output//obj/tz_init.o
.text.tee_verify_image,0x00212ce4,0xa0,/xspace/OrangePi/MTK/OrangePi_4G-iot/output//obj/tz_init.o
.text.tee_get_load_addr,0x00212d84,0x4,/xspace/OrangePi/MTK/OrangePi_4G-iot/output//obj/tz_init.o
.text.trustzone_pre_init,0x00212d88,0x68,/xspace/OrangePi/MTK/OrangePi_4G-iot/output//obj/tz_init.o
.text.trustzone_post_init,0x00212df0,0xec,/xspace/OrangePi/MTK/OrangePi_4G-iot/output//obj/tz_init.o
.text.trustzone_jump,0x00212edc,0x84,/xspace/OrangePi/MTK/OrangePi_4G-iot/output//obj/tz_init.o
.text.tz_sec_mem_init,0x00212f60,0x4,/xspace/OrangePi/MTK/OrangePi_4G-iot/output//obj/tz_sec_cfg.o
.text.tz_sram_sec_init,0x00212f64,0xbc,/xspace/OrangePi/MTK/OrangePi_4G-iot/output//obj/tz_sec_cfg.o
.text.mtk_uart_power_on,0x00213020,0x58,/xspace/OrangePi/MTK/OrangePi_4G-iot/output//obj/uart.o
.text.serial_setbrg,0x00213078,0x78,/xspace/OrangePi/MTK/OrangePi_4G-iot/output//obj/uart.o
.text.mtk_serial_set_current_uart,0x002130f0,0x14,/xspace/OrangePi/MTK/OrangePi_4G-iot/output//obj/uart.o
.text.mtk_uart_init,0x00213104,0x154,/xspace/OrangePi/MTK/OrangePi_4G-iot/output//obj/uart.o
.text.PutUARTByte,0x00213258,0x30,/xspace/OrangePi/MTK/OrangePi_4G-iot/output//obj/uart.o
.text.GetUARTBytes,0x00213288,0x5c,/xspace/OrangePi/MTK/OrangePi_4G-iot/output//obj/uart.o
.text.mt_read_fifo,0x002132e4,0xac,/xspace/OrangePi/MTK/OrangePi_4G-iot/output//obj/usbd.o
.text.mt_write_fifo,0x00213390,0x6c,/xspace/OrangePi/MTK/OrangePi_4G-iot/output//obj/usbd.o
.text.mt_find_ep,0x002133fc,0x3c,/xspace/OrangePi/MTK/OrangePi_4G-iot/output//obj/usbd.o
.text.mt_udc_flush_fifo,0x00213438,0x50,/xspace/OrangePi/MTK/OrangePi_4G-iot/output//obj/usbd.o
.text.mt_udc_ep0_write,0x00213488,0x78,/xspace/OrangePi/MTK/OrangePi_4G-iot/output//obj/usbd.o
.text.mt_udc_reset,0x00213500,0xa0,/xspace/OrangePi/MTK/OrangePi_4G-iot/output//obj/usbd.o
.text.copy_desc,0x002135a0,0x2e,/xspace/OrangePi/MTK/OrangePi_4G-iot/output//obj/usbd.o
.text.mt_udc_irq,0x002135d0,0x51c,/xspace/OrangePi/MTK/OrangePi_4G-iot/output//obj/usbd.o
.text.mt_ep_write,0x00213aec,0x3c,/xspace/OrangePi/MTK/OrangePi_4G-iot/output//obj/usbd.o
.text.mt_ep_busy,0x00213b28,0x2c,/xspace/OrangePi/MTK/OrangePi_4G-iot/output//obj/usbd.o
.text.mt_setup_ep,0x00213b54,0x16c,/xspace/OrangePi/MTK/OrangePi_4G-iot/output//obj/usbd.o
.text.mt_usb_connect_internal,0x00213cc0,0x10,/xspace/OrangePi/MTK/OrangePi_4G-iot/output//obj/usbd.o
.text.mt_usb_disconnect_internal,0x00213cd0,0x10,/xspace/OrangePi/MTK/OrangePi_4G-iot/output//obj/usbd.o
.text.udc_enable,0x00213ce0,0x3c,/xspace/OrangePi/MTK/OrangePi_4G-iot/output//obj/usbd.o
.text.usb_service_offline,0x00213d1c,0xe,/xspace/OrangePi/MTK/OrangePi_4G-iot/output//obj/usbd.o
.text.mt_usb_phy_poweron,0x00213d2c,0x88,/xspace/OrangePi/MTK/OrangePi_4G-iot/output//obj/usbphy.o
.text.mt_usb_phy_savecurrent,0x00213db4,0x98,/xspace/OrangePi/MTK/OrangePi_4G-iot/output//obj/usbphy.o
.text.mt_usb_phy_recover,0x00213e4c,0x84,/xspace/OrangePi/MTK/OrangePi_4G-iot/output//obj/usbphy.o
.text.str2wide,0x00213ed0,0x20,/xspace/OrangePi/MTK/OrangePi_4G-iot/output//obj/usbtty.o
.text.ep_to_buf.constprop.0,0x00213ef0,0x2c,/xspace/OrangePi/MTK/OrangePi_4G-iot/output//obj/usbtty.o
.text.usb_alloc_urb,0x00213f1c,0x50,/xspace/OrangePi/MTK/OrangePi_4G-iot/output//obj/usbtty.o
.text.usbdl_init,0x00213f6c,0x2fc,/xspace/OrangePi/MTK/OrangePi_4G-iot/output//obj/usbtty.o
.text.tool_is_present,0x00214268,0x14,/xspace/OrangePi/MTK/OrangePi_4G-iot/output//obj/usbtty.o
.text.tool_state_update,0x0021427c,0x14,/xspace/OrangePi/MTK/OrangePi_4G-iot/output//obj/usbtty.o
.text.usbdl_configured,0x00214290,0x14,/xspace/OrangePi/MTK/OrangePi_4G-iot/output//obj/usbtty.o
.text.enable_highspeed,0x002142a4,0x5c,/xspace/OrangePi/MTK/OrangePi_4G-iot/output//obj/usbtty.o
.text.config_usbtty,0x00214300,0x44,/xspace/OrangePi/MTK/OrangePi_4G-iot/output//obj/usbtty.o
.text.service_interrupts,0x00214344,0x6c,/xspace/OrangePi/MTK/OrangePi_4G-iot/output//obj/usbtty.o
.text.usbdl_poll,0x002143b0,0x80,/xspace/OrangePi/MTK/OrangePi_4G-iot/output//obj/usbtty.o
.text.usbdl_flush,0x00214430,0x4c,/xspace/OrangePi/MTK/OrangePi_4G-iot/output//obj/usbtty.o
.text.mt_usbtty_flush,0x0021447c,0x4,/xspace/OrangePi/MTK/OrangePi_4G-iot/output//obj/usbtty.o
.text.mt_usbtty_getcn,0x00214480,0x60,/xspace/OrangePi/MTK/OrangePi_4G-iot/output//obj/usbtty.o
.text.mt_usbtty_putcn,0x002144e0,0x6c,/xspace/OrangePi/MTK/OrangePi_4G-iot/output//obj/usbtty.o
.text.mt_usbtty_puts,0x0021454c,0x58,/xspace/OrangePi/MTK/OrangePi_4G-iot/output//obj/usbtty.o
.text.mt_usbtty_query_data_size,0x002145a4,0x2c,/xspace/OrangePi/MTK/OrangePi_4G-iot/output//obj/usbtty.o
.text.mtk_wdt_check_status,0x002145d0,0x24,/xspace/OrangePi/MTK/OrangePi_4G-iot/output//obj/wdt.o
.text.mtk_wdt_reset,0x002145f4,0x4c,/xspace/OrangePi/MTK/OrangePi_4G-iot/output//obj/wdt.o
.text.mtk_wdt_restart,0x00214640,0x10,/xspace/OrangePi/MTK/OrangePi_4G-iot/output//obj/wdt.o
.text.mtk_wdt_boot_check,0x00214650,0x44,/xspace/OrangePi/MTK/OrangePi_4G-iot/output//obj/wdt.o
.text.mtk_wdt_init,0x00214694,0x2e4,/xspace/OrangePi/MTK/OrangePi_4G-iot/output//obj/wdt.o
.text.mtk_arch_reset,0x00214978,0x18,/xspace/OrangePi/MTK/OrangePi_4G-iot/output//obj/wdt.o
.text.rgu_dram_reserved,0x00214990,0x7c,/xspace/OrangePi/MTK/OrangePi_4G-iot/output//obj/wdt.o
.text.rgu_is_reserve_ddr_enabled,0x00214a0c,0x10,/xspace/OrangePi/MTK/OrangePi_4G-iot/output//obj/wdt.o
.text.rgu_is_dram_slf,0x00214a1c,0x30,/xspace/OrangePi/MTK/OrangePi_4G-iot/output//obj/wdt.o
.text.rgu_release_rg_dramc_conf_iso,0x00214a4c,0x58,/xspace/OrangePi/MTK/OrangePi_4G-iot/output//obj/wdt.o
.text.rgu_release_rg_dramc_iso,0x00214aa4,0x58,/xspace/OrangePi/MTK/OrangePi_4G-iot/output//obj/wdt.o
.text.rgu_release_rg_dramc_sref,0x00214afc,0x60,/xspace/OrangePi/MTK/OrangePi_4G-iot/output//obj/wdt.o
.text.rgu_is_reserve_ddr_mode_success,0x00214b5c,0x30,/xspace/OrangePi/MTK/OrangePi_4G-iot/output//obj/wdt.o
.text.seclib_sec_boot_enabled,0x00214b8c,0x94,/xspace/OrangePi/MTK/OrangePi_4G-iot/bootloader/preloader/platform/mt6735/src/SecLib.a(seclib_boot.o)
.text.seclib_set_pubk,0x00214c20,0x44,/xspace/OrangePi/MTK/OrangePi_4G-iot/bootloader/preloader/platform/mt6735/src/SecLib.a(seclib_boot.o)
.text.seclib_cfg_print_status,0x00214c64,0x2,/xspace/OrangePi/MTK/OrangePi_4G-iot/bootloader/preloader/platform/mt6735/src/SecLib.a(seclib_boot.o)
.text.seclib_data_auth,0x00214c68,0x124,/xspace/OrangePi/MTK/OrangePi_4G-iot/bootloader/preloader/platform/mt6735/src/SecLib.a(seclib_boot.o)
.text.seclib_image_check,0x00214d8c,0x300,/xspace/OrangePi/MTK/OrangePi_4G-iot/bootloader/preloader/platform/mt6735/src/SecLib.a(seclib_boot.o)
.text.seclib_sec_usbdl_enabled,0x0021508c,0x5c,/xspace/OrangePi/MTK/OrangePi_4G-iot/bootloader/preloader/platform/mt6735/src/SecLib.a(seclib_dl.o)
.text.seclib_read_sbc_key,0x002150e8,0x48,/xspace/OrangePi/MTK/OrangePi_4G-iot/bootloader/preloader/platform/mt6735/src/SecLib.a(seclib_key.o)
.text.seclib_read_sec_cmd_cfg,0x00215130,0x40,/xspace/OrangePi/MTK/OrangePi_4G-iot/bootloader/preloader/platform/mt6735/src/SecLib.a(seclib_key.o)
.text.seclib_sej_init,0x00215170,0x1c,/xspace/OrangePi/MTK/OrangePi_4G-iot/bootloader/preloader/platform/mt6735/src/SecLib.a(seclib.o)
.text.seclib_cust_init,0x0021518c,0x80,/xspace/OrangePi/MTK/OrangePi_4G-iot/bootloader/preloader/platform/mt6735/src/SecLib.a(seclib.o)
.text.seclib_check,0x0021520c,0x2,/xspace/OrangePi/MTK/OrangePi_4G-iot/bootloader/preloader/platform/mt6735/src/SecLib.a(seclib.o)
.text.seclib_img_auth_init,0x00215210,0x5c,/xspace/OrangePi/MTK/OrangePi_4G-iot/bootloader/preloader/platform/mt6735/src/SecLib.a(seclib.o)
.text.seclib_img_auth_load_sig,0x0021526c,0x19c,/xspace/OrangePi/MTK/OrangePi_4G-iot/bootloader/preloader/platform/mt6735/src/SecLib.a(seclib.o)
.text.seclib_set_img_hdr_ver,0x00215408,0xa4,/xspace/OrangePi/MTK/OrangePi_4G-iot/bootloader/preloader/platform/mt6735/src/SecLib.a(seclib.o)
.text.seclib_secroimg_read,0x002154ac,0x108,/xspace/OrangePi/MTK/OrangePi_4G-iot/bootloader/preloader/platform/mt6735/src/SecLib.a(seclib_secroimg.o)
.text.sp_read_swotp,0x002155b4,0x48,/xspace/OrangePi/MTK/OrangePi_4G-iot/bootloader/preloader/platform/mt6735/src/SecLib.a(seclib_sej_export.o)
.text.sp_sej_dec,0x002155fc,0x7c,/xspace/OrangePi/MTK/OrangePi_4G-iot/bootloader/preloader/platform/mt6735/src/SecLib.a(seclib_sej_export.o)
.text.sp_sej_ac_init,0x00215678,0x3c,/xspace/OrangePi/MTK/OrangePi_4G-iot/bootloader/preloader/platform/mt6735/src/SecLib.a(seclib_sej_export.o)
.text.sp_sej_ac_run,0x002156b4,0xe,/xspace/OrangePi/MTK/OrangePi_4G-iot/bootloader/preloader/platform/mt6735/src/SecLib.a(seclib_sej_export.o)
.text.sp_sej_ac_done,0x002156c2,0xa,/xspace/OrangePi/MTK/OrangePi_4G-iot/bootloader/preloader/platform/mt6735/src/SecLib.a(seclib_sej_export.o)
.text.sp_sej_init,0x002156cc,0x54,/xspace/OrangePi/MTK/OrangePi_4G-iot/bootloader/preloader/platform/mt6735/src/SecLib.a(seclib_sej_export.o)
.text.sp_check_platform,0x00215720,0x4,/xspace/OrangePi/MTK/OrangePi_4G-iot/bootloader/preloader/platform/mt6735/src/SecLib.a(seclib_sej_export.o)
.text.get_sec_cfg_cnt_size,0x00215724,0x6,/xspace/OrangePi/MTK/OrangePi_4G-iot/bootloader/preloader/platform/mt6735/src/SecLib.a(seclib_util.o)
.text.sha256_compress,0x0021574c,0x10,/xspace/OrangePi/MTK/OrangePi_4G-iot/bootloader/preloader/platform/mt6735/src/SecLib.a(sha256.o)
.text.sha256_init,0x0021575c,0x58,/xspace/OrangePi/MTK/OrangePi_4G-iot/bootloader/preloader/platform/mt6735/src/SecLib.a(sha256.o)
.text.sha256_process,0x002157b4,0xb0,/xspace/OrangePi/MTK/OrangePi_4G-iot/bootloader/preloader/platform/mt6735/src/SecLib.a(sha256.o)
.text.sha256_done,0x00215864,0xf4,/xspace/OrangePi/MTK/OrangePi_4G-iot/bootloader/preloader/platform/mt6735/src/SecLib.a(sha256.o)
.text.mpSetEqual,0x0021598c,0x14,/xspace/OrangePi/MTK/OrangePi_4G-iot/bootloader/preloader/platform/mt6735/src/SecLib.a(rsa2048.o)
.text.mpShiftRight,0x002159a0,0x80,/xspace/OrangePi/MTK/OrangePi_4G-iot/bootloader/preloader/platform/mt6735/src/SecLib.a(rsa2048.o)
.text.mpShiftLeft,0x00215a20,0x90,/xspace/OrangePi/MTK/OrangePi_4G-iot/bootloader/preloader/platform/mt6735/src/SecLib.a(rsa2048.o)
.text.modMultTemp.constprop.2,0x00215ab0,0x36c,/xspace/OrangePi/MTK/OrangePi_4G-iot/bootloader/preloader/platform/mt6735/src/SecLib.a(rsa2048.o)
.text.RSADecryption65537,0x00215e1c,0x108,/xspace/OrangePi/MTK/OrangePi_4G-iot/bootloader/preloader/platform/mt6735/src/SecLib.a(rsa2048.o)
.text.pkcs_1_mgf1_sha256,0x00215f24,0xaa,/xspace/OrangePi/MTK/OrangePi_4G-iot/bootloader/preloader/platform/mt6735/src/SecLib.a(rsa2048.o)
.text.pkcs_1_pss_decode_sha256,0x00215fce,0x2d2,/xspace/OrangePi/MTK/OrangePi_4G-iot/bootloader/preloader/platform/mt6735/src/SecLib.a(rsa2048.o)
.text.get_seccfg_cipher_len,0x002162a0,0x6,/xspace/OrangePi/MTK/OrangePi_4G-iot/bootloader/preloader/platform/mt6735/src/SecLib.a(seccfg_crypto.o)
.text.seclib_sbc_enabled,0x00216334,0x44,/xspace/OrangePi/MTK/OrangePi_4G-iot/bootloader/preloader/platform/mt6735/src/SecPlat.a(efuse.o)
.text.seclib_daa_enabled,0x00216378,0x44,/xspace/OrangePi/MTK/OrangePi_4G-iot/bootloader/preloader/platform/mt6735/src/SecPlat.a(efuse.o)
.text.seclib_sla_enabled,0x002163bc,0x44,/xspace/OrangePi/MTK/OrangePi_4G-iot/bootloader/preloader/platform/mt6735/src/SecPlat.a(efuse.o)
.text.seclib_3g_disable,0x00216400,0x10,/xspace/OrangePi/MTK/OrangePi_4G-iot/bootloader/preloader/platform/mt6735/src/SecPlat.a(efuse.o)
.text.seclib_get_devinfo_with_index,0x00216410,0x40,/xspace/OrangePi/MTK/OrangePi_4G-iot/bootloader/preloader/platform/mt6735/src/SecPlat.a(efuse.o)
.text.gcpu_hw_reset,0x00216450,0x18,/xspace/OrangePi/MTK/OrangePi_4G-iot/bootloader/preloader/platform/mt6735/src/SecPlat.a(gcpu.o)
.text.gcpu_cmd,0x00216468,0x50,/xspace/OrangePi/MTK/OrangePi_4G-iot/bootloader/preloader/platform/mt6735/src/SecPlat.a(gcpu.o)
.text.gcpu_isr,0x002164b8,0x24,/xspace/OrangePi/MTK/OrangePi_4G-iot/bootloader/preloader/platform/mt6735/src/SecPlat.a(gcpu.o)
.text.gcpu_init,0x002164dc,0x80,/xspace/OrangePi/MTK/OrangePi_4G-iot/bootloader/preloader/platform/mt6735/src/SecPlat.a(gcpu.o)
.text.gcpu_uninit,0x0021655c,0x24,/xspace/OrangePi/MTK/OrangePi_4G-iot/bootloader/preloader/platform/mt6735/src/SecPlat.a(gcpu.o)
.text.crypto_hw_secure,0x00216580,0x18,/xspace/OrangePi/MTK/OrangePi_4G-iot/bootloader/preloader/platform/mt6735/src/SecPlat.a(gcpu.o)
.text.crypto_hw_sha256,0x00216598,0x104,/xspace/OrangePi/MTK/OrangePi_4G-iot/bootloader/preloader/platform/mt6735/src/SecPlat.a(gcpu.o)
.text.seclib_brom_meta_mode,0x0021669c,0xc,/xspace/OrangePi/MTK/OrangePi_4G-iot/bootloader/preloader/platform/mt6735/src/SecPlat.a(meta.o)
.text.trustonic_tee_verify,0x002166a8,0x164,/xspace/OrangePi/MTK/OrangePi_4G-iot/bootloader/preloader/platform/mt6735/src/SecPlat.a(sec_boot_tz_trustonic.o)
.text.trustonic_tee_decrypt,0x0021680c,0x4,/xspace/OrangePi/MTK/OrangePi_4G-iot/bootloader/preloader/platform/mt6735/src/SecPlat.a(sec_boot_tz_trustonic.o)
.text.seclib_region_check,0x00216810,0x3c,/xspace/OrangePi/MTK/OrangePi_4G-iot/bootloader/preloader/platform/mt6735/src/SecPlat.a(seclib_region.o)
.text.SEJ_V3_Init,0x0021684c,0x108,/xspace/OrangePi/MTK/OrangePi_4G-iot/bootloader/preloader/platform/mt6735/src/SecPlat.a(sej_hk.o)
.text.SEJ_V3_Run,0x00216954,0x88,/xspace/OrangePi/MTK/OrangePi_4G-iot/bootloader/preloader/platform/mt6735/src/SecPlat.a(sej_hk.o)
.text.SEJ_V3_Terminate,0x002169dc,0x24,/xspace/OrangePi/MTK/OrangePi_4G-iot/bootloader/preloader/platform/mt6735/src/SecPlat.a(sej_hk.o)
.text.sej_set_clk,0x00216a00,0x4,/xspace/OrangePi/MTK/OrangePi_4G-iot/bootloader/preloader/platform/mt6735/src/SecPlat.a(sej_sk.o)
.text.sej_set_iv,0x00216a04,0x18,/xspace/OrangePi/MTK/OrangePi_4G-iot/bootloader/preloader/platform/mt6735/src/SecPlat.a(sej_sk.o)
.text.sej_set_mode,0x00216a1c,0x3c,/xspace/OrangePi/MTK/OrangePi_4G-iot/bootloader/preloader/platform/mt6735/src/SecPlat.a(sej_sk.o)
.text.sej_set_key,0x00216a58,0xd4,/xspace/OrangePi/MTK/OrangePi_4G-iot/bootloader/preloader/platform/mt6735/src/SecPlat.a(sej_sk.o)
.text.sej_do_aes,0x00216b2c,0xbc,/xspace/OrangePi/MTK/OrangePi_4G-iot/bootloader/preloader/platform/mt6735/src/SecPlat.a(sej_sk.o)
.text.seclib_get_random_id,0x00216be8,0x6c,/xspace/OrangePi/MTK/OrangePi_4G-iot/bootloader/preloader/platform/mt6735/src/SecPlat.a(sej_sk.o)
.text.sej_deinit,0x00216c54,0x14,/xspace/OrangePi/MTK/OrangePi_4G-iot/bootloader/preloader/platform/mt6735/src/SecPlat.a(sej_sk.o)
.text.sej_jtag_disable,0x00216c68,0x78,/xspace/OrangePi/MTK/OrangePi_4G-iot/bootloader/preloader/platform/mt6735/src/SecPlat.a(sej_sk.o)
.text.sej_jtag_lock,0x00216ce0,0x70,/xspace/OrangePi/MTK/OrangePi_4G-iot/bootloader/preloader/platform/mt6735/src/SecPlat.a(sej_sk.o)
.text.sej_jtag_control,0x00216d50,0x54,/xspace/OrangePi/MTK/OrangePi_4G-iot/bootloader/preloader/platform/mt6735/src/SecPlat.a(sej_sk.o)
.text.sej_init,0x00216da4,0xe0,/xspace/OrangePi/MTK/OrangePi_4G-iot/bootloader/preloader/platform/mt6735/src/SecPlat.a(sej_sk.o)
.text.vHexDumpBuf,0x00216e84,0x2,/xspace/OrangePi/MTK/OrangePi_4G-iot/bootloader/preloader/platform/mt6735/src/SecPlat.a(sec_boot_tz_common.o)
.text.verify_mtee_img_hdr,0x00216e88,0x90,/xspace/OrangePi/MTK/OrangePi_4G-iot/bootloader/preloader/platform/mt6735/src/SecPlat.a(sec_boot_tz_common.o)
.text.hash_process,0x00216f30,0xf68,/xspace/OrangePi/MTK/OrangePi_4G-iot/bootloader/preloader/platform/mt6735/src/security/auth/DaVerifyLib.a(sha1.o)
.text.hash_starts,0x00217eac,0x2c,/xspace/OrangePi/MTK/OrangePi_4G-iot/bootloader/preloader/platform/mt6735/src/security/auth/DaVerifyLib.a(sha1.o)
.text.hash_update,0x00217ed8,0x72,/xspace/OrangePi/MTK/OrangePi_4G-iot/bootloader/preloader/platform/mt6735/src/security/auth/DaVerifyLib.a(sha1.o)
.text.hash_finish,0x00217f4c,0x64,/xspace/OrangePi/MTK/OrangePi_4G-iot/bootloader/preloader/platform/mt6735/src/security/auth/DaVerifyLib.a(sha1.o)
.data,0x0021a690,0x38,/xspace/OrangePi/MTK/OrangePi_4G-iot/output//obj/dramc_dqs_gw.o
.data,0x0021a6c8,0x8,/xspace/OrangePi/MTK/OrangePi_4G-iot/output//obj/handshake_uart.o
.data,0x0021a6d0,0x8,/xspace/OrangePi/MTK/OrangePi_4G-iot/output//obj/handshake_usb.o
.data.g_uart,0x0021c958,0x4,/xspace/OrangePi/MTK/OrangePi_4G-iot/output//obj/uart.o
.data.rom_info,0x002011fc,0x3c0,/xspace/OrangePi/MTK/OrangePi_4G-iot/output//obj/sec_rom_info.o
.data.clk_buf_swctrl,0x0021a6d8,0x10,/xspace/OrangePi/MTK/OrangePi_4G-iot/output//obj/clkbuf_ctl.o
.data.msdc_cap,0x0021a6e8,0x14,/xspace/OrangePi/MTK/OrangePi_4G-iot/output//obj/cust_msdc.o
.data.Bit_DQO_Mapping,0x0021a6fc,0x20,/xspace/OrangePi/MTK/OrangePi_4G-iot/output//obj/dramc_calib.o
.data.DQM_Mapping,0x0021a71c,0x4,/xspace/OrangePi/MTK/OrangePi_4G-iot/output//obj/dramc_calib.o
.data.DQSO_Mapping,0x0021a720,0x4,/xspace/OrangePi/MTK/OrangePi_4G-iot/output//obj/dramc_calib.o
.data.rel.dqs_gw_tuning_factors,0x0021a724,0x28,/xspace/OrangePi/MTK/OrangePi_4G-iot/output//obj/dramc_dqs_gw.o
.data.rel.dqs_gw_test_cases_1,0x0021a74c,0x10,/xspace/OrangePi/MTK/OrangePi_4G-iot/output//obj/dramc_dqs_gw.o
.data.rel.dqs_gw_test_cases_2,0x0021a75c,0x10,/xspace/OrangePi/MTK/OrangePi_4G-iot/output//obj/dramc_dqs_gw.o
.data.rel.local.dqsi_gw_dly_coarse_tbl,0x0021a76c,0x78,/xspace/OrangePi/MTK/OrangePi_4G-iot/output//obj/dramc_dqs_gw.o
.data.rel.local.dqsi_gw_dly_fine_tbl,0x0021a7e4,0x44,/xspace/OrangePi/MTK/OrangePi_4G-iot/output//obj/dramc_dqs_gw.o
.data.num_of_emi_records,0x0021a828,0x4,/xspace/OrangePi/MTK/OrangePi_4G-iot/output//obj/emi.o
.data.emi_settings,0x0021a82c,0x3ac,/xspace/OrangePi/MTK/OrangePi_4G-iot/output//obj/emi.o
.data.emi_setting_default_lpddr2,0x0021abd8,0xbc,/xspace/OrangePi/MTK/OrangePi_4G-iot/output//obj/emi.o
.data.emi_setting_default_lpddr3,0x0021ac94,0xbc,/xspace/OrangePi/MTK/OrangePi_4G-iot/output//obj/emi.o
.data.mdl_number.4872,0x0021ad50,0x4,/xspace/OrangePi/MTK/OrangePi_4G-iot/output//obj/emi.o
.data.DATAOUT_addr,0x0021ad54,0x318,/xspace/OrangePi/MTK/OrangePi_4G-iot/output//obj/gpio.o
.data.MODE_offset,0x0021b06c,0xc6,/xspace/OrangePi/MTK/OrangePi_4G-iot/output//obj/gpio.o
.data.PULL_offset,0x0021b132,0xc6,/xspace/OrangePi/MTK/OrangePi_4G-iot/output//obj/gpio.o
.data.pupd_addr,0x0021b1f8,0x318,/xspace/OrangePi/MTK/OrangePi_4G-iot/output//obj/gpio.o
.data.pupd_offset,0x0021b510,0xc6,/xspace/OrangePi/MTK/OrangePi_4G-iot/output//obj/gpio.o
.data.MODE_addr,0x0021b5d8,0x318,/xspace/OrangePi/MTK/OrangePi_4G-iot/output//obj/gpio.o
.data.PULLEN_offset,0x0021b8f0,0xc6,/xspace/OrangePi/MTK/OrangePi_4G-iot/output//obj/gpio.o
.data.DIR_offset,0x0021b9b6,0xc6,/xspace/OrangePi/MTK/OrangePi_4G-iot/output//obj/gpio.o
.data.PULL_addr,0x0021ba7c,0x318,/xspace/OrangePi/MTK/OrangePi_4G-iot/output//obj/gpio.o
.data.DATAOUT_offset,0x0021bd94,0xc6,/xspace/OrangePi/MTK/OrangePi_4G-iot/output//obj/gpio.o
.data.PULLEN_addr,0x0021be5c,0x318,/xspace/OrangePi/MTK/OrangePi_4G-iot/output//obj/gpio.o
.data.DIR_addr,0x0021c174,0x318,/xspace/OrangePi/MTK/OrangePi_4G-iot/output//obj/gpio.o
.data.hclks_msdc50,0x0021c48c,0x2c,/xspace/OrangePi/MTK/OrangePi_4G-iot/output//obj/msdc.o
.data.hclks_msdc30,0x0021c4b8,0x20,/xspace/OrangePi/MTK/OrangePi_4G-iot/output//obj/msdc.o
.data.rel.local.msdc_src_clks,0x0021c4d8,0x4,/xspace/OrangePi/MTK/OrangePi_4G-iot/output//obj/msdc.o
.data.rel.local.ptp_detectors,0x0021c4dc,0x318,/xspace/OrangePi/MTK/OrangePi_4G-iot/output//obj/mt_ptp.o
.data.count_time_out,0x0021c7f4,0x4,/xspace/OrangePi/MTK/OrangePi_4G-iot/output//obj/pmic.o
.data.vbat_status,0x0021c7f8,0x4,/xspace/OrangePi/MTK/OrangePi_4G-iot/output//obj/pmic.o
.data.g_log_drambuf,0x0021c7fc,0x4,/xspace/OrangePi/MTK/OrangePi_4G-iot/output//obj/print.o
.data.g_oemkey,0x0021c800,0x100,/xspace/OrangePi/MTK/OrangePi_4G-iot/output//obj/sec_boot.o
.data.g_blacklist,0x0021c900,0x30,/xspace/OrangePi/MTK/OrangePi_4G-iot/output//obj/sec_region.o
.data.rel.ro.spm_cpu_mtcmos_ctrl_funcs,0x0021c930,0x20,/xspace/OrangePi/MTK/OrangePi_4G-iot/output//obj/spm_mtcmos.o
.data.rst_vector_base_addr,0x0021c950,0x4,/xspace/OrangePi/MTK/OrangePi_4G-iot/output//obj/tz_init.o
.data.bl31_base_addr,0x0021c954,0x4,/xspace/OrangePi/MTK/OrangePi_4G-iot/output//obj/tz_init.o
.data.g_line_coding,0x0021c95c,0x7,/xspace/OrangePi/MTK/OrangePi_4G-iot/output//obj/usbd.o
.data.fifo_addr,0x0021c964,0x4,/xspace/OrangePi/MTK/OrangePi_4G-iot/output//obj/usbd.o
.data.rel.local.fs_data_ep_descriptor_ptrs,0x0021c968,0x8,/xspace/OrangePi/MTK/OrangePi_4G-iot/output//obj/usbtty.o
.data.rel.local.usbtty_string_table,0x0021c970,0x1c,/xspace/OrangePi/MTK/OrangePi_4G-iot/output//obj/usbtty.o
.data.header_function_descriptor,0x0021c98c,0x5,/xspace/OrangePi/MTK/OrangePi_4G-iot/output//obj/usbtty.o
.data.rel.local.fs_comm_ep_descriptor_ptrs,0x0021c994,0x4,/xspace/OrangePi/MTK/OrangePi_4G-iot/output//obj/usbtty.o
.data.rel.local.hs_comm_ep_descriptor_ptrs,0x0021c998,0x4,/xspace/OrangePi/MTK/OrangePi_4G-iot/output//obj/usbtty.o
.data.call_management_descriptor,0x0021c99c,0x5,/xspace/OrangePi/MTK/OrangePi_4G-iot/output//obj/usbtty.o
.data.device_qualifier_descriptor,0x0021c9a1,0x9,/xspace/OrangePi/MTK/OrangePi_4G-iot/output//obj/usbtty.o
.data.rel.local.hs_data_ep_descriptor_ptrs,0x0021c9ac,0x8,/xspace/OrangePi/MTK/OrangePi_4G-iot/output//obj/usbtty.o
.data.language,0x0021c9b4,0x4,/xspace/OrangePi/MTK/OrangePi_4G-iot/output//obj/usbtty.o
.data.hs_ep_descriptors,0x0021c9b8,0x18,/xspace/OrangePi/MTK/OrangePi_4G-iot/output//obj/usbtty.o
.data.device_descriptor,0x0021c9d0,0x12,/xspace/OrangePi/MTK/OrangePi_4G-iot/output//obj/usbtty.o
.data.abstract_control_descriptor,0x0021c9e2,0x4,/xspace/OrangePi/MTK/OrangePi_4G-iot/output//obj/usbtty.o
.data.fs_ep_descriptors,0x0021c9e6,0x18,/xspace/OrangePi/MTK/OrangePi_4G-iot/output//obj/usbtty.o
.data.interface_descriptors,0x0021c9fe,0x12,/xspace/OrangePi/MTK/OrangePi_4G-iot/output//obj/usbtty.o
.data.config_descriptors,0x0021ca10,0x9,/xspace/OrangePi/MTK/OrangePi_4G-iot/output//obj/usbtty.o
.data.union_function_descriptor,0x0021ca19,0x5,/xspace/OrangePi/MTK/OrangePi_4G-iot/output//obj/usbtty.o
.data.g_hdr_ver,0x0021ca20,0x4,/xspace/OrangePi/MTK/OrangePi_4G-iot/bootloader/preloader/platform/mt6735/src/SecLib.a(seclib.o)
.data.g_devinfo_data_addr,0x0021ca24,0x68,/xspace/OrangePi/MTK/OrangePi_4G-iot/bootloader/preloader/platform/mt6735/src/SecPlat.a(efuse.o)
.data.thermal_option,0x0021ca8c,0x4,/xspace/OrangePi/MTK/OrangePi_4G-iot/bootloader/preloader/platform/mt6735/src/SecPlat.a(efuse.o)
.data.bOnly.3821,0x0021ca90,0x1,/xspace/OrangePi/MTK/OrangePi_4G-iot/bootloader/preloader/platform/mt6735/src/SecPlat.a(gcpu.o)
.data.g_DbgSUP,0x0021ca94,0x14,/xspace/OrangePi/MTK/OrangePi_4G-iot/bootloader/preloader/platform/mt6735/src/SecPlat.a(sej_sk.o)
.rodata,0x00217ff4,0x4,/xspace/OrangePi/MTK/OrangePi_4G-iot/output//obj/download.o
.rodata,0x00217ff8,0x10,/xspace/OrangePi/MTK/OrangePi_4G-iot/output//obj/msdc.o
.rodata,0x00218008,0x8,/xspace/OrangePi/MTK/OrangePi_4G-iot/output//obj/pmic_wrap_init.o
.rodata.tran_mant,0x0021a3de,0x10,/xspace/OrangePi/MTK/OrangePi_4G-iot/output//obj/mmc_core.o
.rodata.tran_exp,0x0021a3f0,0x20,/xspace/OrangePi/MTK/OrangePi_4G-iot/output//obj/mmc_core.o
.rodata.write_data_edge.5355,0x0021a410,0x4,/xspace/OrangePi/MTK/OrangePi_4G-iot/output//obj/msdc.o
.rodata.msdc_rsp,0x0021a414,0x24,/xspace/OrangePi/MTK/OrangePi_4G-iot/output//obj/msdc.o
.rodata.read_data_edge.5354,0x0021a438,0x8,/xspace/OrangePi/MTK/OrangePi_4G-iot/output//obj/msdc.o
.rodata.sys_stack_sz,0x0021a440,0x4,/xspace/OrangePi/MTK/OrangePi_4G-iot/output//obj/platform.o
.rodata.mt6328_VIO_1_84,0x0021a444,0x10,/xspace/OrangePi/MTK/OrangePi_4G-iot/output//obj/pmic.o
.rodata.mt6328_ovp_trim,0x0021a454,0x40,/xspace/OrangePi/MTK/OrangePi_4G-iot/output//obj/pmic.o
.rodata.digits.4652,0x0021a494,0xb,/xspace/OrangePi/MTK/OrangePi_4G-iot/output//obj/stdlib.o
.rodata.tee_img_vfy_pubk,0x0021a49f,0x100,/xspace/OrangePi/MTK/OrangePi_4G-iot/output//obj/tz_init.o
.rodata.__func__.4782,0x0021a59f,0x1a,/xspace/OrangePi/MTK/OrangePi_4G-iot/output//obj/wdt.o
.rodata.__func__.4739,0x0021a5b9,0xd,/xspace/OrangePi/MTK/OrangePi_4G-iot/output//obj/wdt.o
.rodata.__func__.4749,0x0021a5c6,0x12,/xspace/OrangePi/MTK/OrangePi_4G-iot/output//obj/wdt.o
.rodata.__func__.4773,0x0021a5d8,0x19,/xspace/OrangePi/MTK/OrangePi_4G-iot/output//obj/wdt.o
.rodata.__func__.4764,0x0021a5f1,0x1e,/xspace/OrangePi/MTK/OrangePi_4G-iot/output//obj/wdt.o
.rodata.__FUNCTION__.3846,0x0021a60f,0x11,/xspace/OrangePi/MTK/OrangePi_4G-iot/bootloader/preloader/platform/mt6735/src/SecPlat.a(gcpu.o)
.rodata.g_AC_FIXED_PATTERN,0x0021a620,0x30,/xspace/OrangePi/MTK/OrangePi_4G-iot/bootloader/preloader/platform/mt6735/src/SecPlat.a(sej_hk.o)
.rodata.padding,0x0021a650,0x40,/xspace/OrangePi/MTK/OrangePi_4G-iot/bootloader/preloader/platform/mt6735/src/security/auth/DaVerifyLib.a(sha1.o)
** merge strings,0x00218010,0x23ce
.got,0x0021caa8,0x1f4
